Date,Close
09.09.2010 16:00:00,"101,32"
10.09.2010 16:00:00,"101,78"
13.09.2010 16:00:00,"103,06"
14.09.2010 16:00:00,"103,04"
15.09.2010 16:00:00,"103,3"
16.09.2010 16:00:00,"103,26"
17.09.2010 16:00:00,"103,36"
20.09.2010 16:00:00,"105,04"
21.09.2010 16:00:00,"104,72"
22.09.2010 16:00:00,"104,16"
23.09.2010 16:00:00,"103,31"
24.09.2010 16:00:00,"104,84"
27.09.2010 16:00:00,"104,34"
28.09.2010 16:00:00,"105,02"
29.09.2010 16:00:00,"104,52"
30.09.2010 16:00:00,"104,36"
01.10.2010 16:00:00,"104,72"
04.10.2010 16:00:00,"103,84"
05.10.2010 16:00:00,"106,12"
06.10.2010 16:00:00,"105,82"
07.10.2010 16:00:00,"105,88"
08.10.2010 16:00:00,"106,68"
11.10.2010 16:00:00,"106,5"
12.10.2010 16:00:00,"107,12"
13.10.2010 16:00:00,"107,76"
14.10.2010 16:00:00,"107,36"
15.10.2010 16:00:00,"107,56"
18.10.2010 16:00:00,"108,34"
19.10.2010 16:00:00,"106,62"
20.10.2010 16:00:00,"107,76"
21.10.2010 16:00:00,"107,92"
22.10.2010 16:00:00,"108,18"
25.10.2010 16:00:00,"108,5"
26.10.2010 16:00:00,"108,48"
27.10.2010 16:00:00,"108,14"
28.10.2010 16:00:00,"108,22"
29.10.2010 16:00:00,"108,3"
01.11.2010 16:00:00,"108,36"
02.11.2010 16:00:00,"109,2"
03.11.2010 16:00:00,"109,66"
04.11.2010 16:00:00,"111,72"
05.11.2010 16:00:00,"112,16"
08.11.2010 16:00:00,"112,02"
09.11.2010 16:00:00,"111,14"
10.11.2010 16:00:00,"111,56"
11.11.2010 16:00:00,"111,2"
12.11.2010 16:00:00,"109,82"
15.11.2010 16:00:00,"109,72"
16.11.2010 16:00:00,"107,96"
17.11.2010 16:00:00,"108,04"
18.11.2010 16:00:00,"109,64"
19.11.2010 16:00:00,"109,9"
22.11.2010 16:00:00,"109,8"
23.11.2010 16:00:00,"108,26"
24.11.2010 16:00:00,"109,66"
26.11.2010 16:00:00,"109,04"
29.11.2010 16:00:00,"108,93"
30.11.2010 16:00:00,"108,18"
01.12.2010 16:00:00,"110,62"
02.12.2010 16:00:00,"112,06"
03.12.2010 16:00:00,"112,34"
06.12.2010 16:00:00,"112,2"
07.12.2010 16:00:00,"112,24"
08.12.2010 16:00:00,"112,7"
09.12.2010 16:00:00,"113,12"
10.12.2010 16:00:00,"113,8"
13.12.2010 16:00:00,"113,86"
14.12.2010 16:00:00,"113,92"
15.12.2010 16:00:00,"113,42"
16.12.2010 16:00:00,"114,08"
17.12.2010 16:00:00,"114,24"
20.12.2010 16:00:00,"114,48"
21.12.2010 16:00:00,"115,18"
22.12.2010 16:00:00,"115,6"
23.12.2010 16:00:00,"115,42"
27.12.2010 16:00:00,"114,98"
28.12.2010 16:00:00,"115,1"
29.12.2010 16:00:00,"115,2"
30.12.2010 16:00:00,"115,02"
31.12.2010 16:00:00,"115,14"
03.01.2011 16:00:00,"116,22"
04.01.2011 16:00:00,"116,12"
05.01.2011 16:00:00,"116,74"
06.01.2011 16:00:00,"116,54"
07.01.2011 16:00:00,"116,31"
10.01.2011 16:00:00,"116,2"
11.01.2011 16:00:00,"116,58"
12.01.2011 16:00:00,"117,62"
13.01.2011 16:00:00,"117,46"
14.01.2011 16:00:00,"118,3"
18.01.2011 16:00:00,"118,5"
19.01.2011 16:00:00,"117,32"
20.01.2011 16:00:00,"117,18"
21.01.2011 16:00:00,"117,44"
24.01.2011 16:00:00,"118,16"
25.01.2011 16:00:00,"118,12"
26.01.2011 16:00:00,"118,74"
27.01.2011 16:00:00,"118,9"
28.01.2011 16:00:00,"116,8"
31.01.2011 16:00:00,"117,7"
01.02.2011 16:00:00,"119,54"
02.02.2011 16:00:00,"119,34"
03.02.2011 16:00:00,"119,64"
04.02.2011 16:00:00,"119,96"
07.02.2011 16:00:00,"120,72"
08.02.2011 16:00:00,"121,28"
09.02.2011 16:00:00,"120,98"
10.02.2011 16:00:00,"121,02"
11.02.2011 16:00:00,"121,78"
14.02.2011 16:00:00,"122,08"
15.02.2011 16:00:00,"121,65"
16.02.2011 16:00:00,"122,42"
17.02.2011 16:00:00,"122,88"
18.02.2011 16:00:00,"123,08"
22.02.2011 16:00:00,"120,56"
23.02.2011 16:00:00,"119,88"
24.02.2011 16:00:00,"119,76"
25.02.2011 16:00:00,"121,06"
28.02.2011 16:00:00,"121,78"
01.03.2011 16:00:00,"119,7"
02.03.2011 16:00:00,"120,04"
03.03.2011 16:00:00,"122,1"
04.03.2011 16:00:00,"121,2"
07.03.2011 16:00:00,"120,14"
08.03.2011 16:00:00,"121,26"
09.03.2011 16:00:00,"121,12"
10.03.2011 16:00:00,"118,9"
11.03.2011 16:00:00,"119,7"
14.03.2011 16:00:00,119
15.03.2011 16:00:00,"117,68"
16.03.2011 16:00:00,"115,44"
17.03.2011 16:00:00,"116,88"
18.03.2011 16:00:00,"117,38"
21.03.2011 16:00:00,"119,16"
22.03.2011 16:00:00,"118,74"
23.03.2011 16:00:00,"119,12"
24.03.2011 16:00:00,"120,23"
25.03.2011 16:00:00,"120,06"
28.03.2011 16:00:00,"119,8"
29.03.2011 16:00:00,"120,58"
30.03.2011 16:00:00,"121,4"
31.03.2011 16:00:00,"121,24"
01.04.2011 16:00:00,"121,8"
04.04.2011 16:00:00,"121,86"
05.04.2011 16:00:00,"121,86"
06.04.2011 16:00:00,"122,22"
07.04.2011 16:00:00,122
08.04.2011 16:00:00,"121,54"
11.04.2011 16:00:00,"121,13"
12.04.2011 16:00:00,"120,24"
13.04.2011 16:00:00,"120,28"
14.04.2011 16:00:00,"120,3"
15.04.2011 16:00:00,"120,72"
18.04.2011 16:00:00,"119,4"
19.04.2011 16:00:00,"120,14"
20.04.2011 16:00:00,"121,76"
21.04.2011 16:00:00,"122,3"
25.04.2011 16:00:00,"122,18"
26.04.2011 16:00:00,"123,25"
27.04.2011 16:00:00,"124,04"
28.04.2011 16:00:00,"124,44"
29.04.2011 16:00:00,"124,8"
02.05.2011 16:00:00,"124,52"
03.05.2011 16:00:00,"124,12"
04.05.2011 16:00:00,"123,28"
05.05.2011 16:00:00,"122,2"
06.05.2011 16:00:00,"122,78"
09.05.2011 16:00:00,"123,28"
10.05.2011 16:00:00,"124,29"
11.05.2011 16:00:00,"122,98"
12.05.2011 16:00:00,"123,64"
13.05.2011 16:00:00,"122,57"
16.05.2011 16:00:00,"121,8"
17.05.2011 16:00:00,"121,78"
18.05.2011 16:00:00,"122,92"
19.05.2011 16:00:00,"123,08"
20.05.2011 16:00:00,"122,25"
23.05.2011 16:00:00,"120,8"
24.05.2011 16:00:00,"120,7"
25.05.2011 16:00:00,"121,1"
26.05.2011 16:00:00,"121,58"
27.05.2011 16:00:00,"122,11"
31.05.2011 16:00:00,"123,34"
01.06.2011 16:00:00,"120,6"
02.06.2011 16:00:00,"120,46"
03.06.2011 16:00:00,"119,3"
06.06.2011 16:00:00,"118,04"
07.06.2011 16:00:00,"117,88"
08.06.2011 16:00:00,"117,4"
09.06.2011 16:00:00,"118,3"
10.06.2011 16:00:00,"116,64"
13.06.2011 16:00:00,"116,72"
14.06.2011 16:00:00,"118,22"
15.06.2011 16:00:00,"116,16"
16.06.2011 16:00:00,"116,38"
17.06.2011 16:00:00,"116,7"
20.06.2011 16:00:00,"117,36"
21.06.2011 16:00:00,"118,96"
22.06.2011 16:00:00,"118,26"
23.06.2011 16:00:00,"117,86"
24.06.2011 16:00:00,116
27.06.2011 16:00:00,"116,98"
28.06.2011 16:00:00,"118,48"
29.06.2011 16:00:00,"119,54"
30.06.2011 16:00:00,"120,68"
01.07.2011 16:00:00,"122,5"
05.07.2011 16:00:00,"122,3"
06.07.2011 16:00:00,"122,48"
07.07.2011 16:00:00,"123,82"
08.07.2011 16:00:00,"122,98"
11.07.2011 16:00:00,"120,7"
12.07.2011 16:00:00,"120,16"
13.07.2011 16:00:00,"120,58"
14.07.2011 16:00:00,"119,8"
15.07.2011 16:00:00,"120,46"
18.07.2011 16:00:00,"119,44"
19.07.2011 16:00:00,"121,38"
20.07.2011 16:00:00,"121,38"
21.07.2011 16:00:00,123
22.07.2011 16:00:00,"123,1"
25.07.2011 16:00:00,"122,4"
26.07.2011 16:00:00,"121,88"
27.07.2011 16:00:00,"119,46"
28.07.2011 16:00:00,"119,12"
29.07.2011 16:00:00,"118,2"
01.08.2011 16:00:00,"117,78"
02.08.2011 16:00:00,"114,84"
03.08.2011 16:00:00,"115,42"
04.08.2011 16:00:00,"110,02"
05.08.2011 16:00:00,"109,78"
08.08.2011 16:00:00,"102,74"
09.08.2011 16:00:00,"107,34"
10.08.2011 16:00:00,"102,68"
11.08.2011 16:00:00,"107,18"
12.08.2011 16:00:00,"108,04"
15.08.2011 16:00:00,"110,26"
16.08.2011 16:00:00,"109,32"
17.08.2011 16:00:00,"109,44"
18.08.2011 16:00:00,"104,9"
19.08.2011 16:00:00,"102,9"
22.08.2011 16:00:00,"102,98"
23.08.2011 16:00:00,"106,54"
24.08.2011 16:00:00,108
25.08.2011 16:00:00,"106,38"
26.08.2011 16:00:00,"107,78"
29.08.2011 16:00:00,"110,92"
30.08.2011 16:00:00,"111,12"
31.08.2011 16:00:00,"111,68"
01.09.2011 16:00:00,"110,6"
02.09.2011 16:00:00,"107,74"
06.09.2011 16:00:00,107
07.09.2011 16:00:00,"110,02"
08.09.2011 16:00:00,"108,86"
09.09.2011 16:00:00,106
12.09.2011 16:00:00,"106,76"
13.09.2011 16:00:00,"107,64"
14.09.2011 16:00:00,"109,16"
15.09.2011 16:00:00,"111,04"
16.09.2011 16:00:00,"111,7"
19.09.2011 16:00:00,"110,66"
20.09.2011 16:00:00,"110,48"
21.09.2011 16:00:00,"107,14"
22.09.2011 16:00:00,"103,78"
23.09.2011 16:00:00,"103,68"
26.09.2011 16:00:00,"106,2"
27.09.2011 16:00:00,"107,42"
28.09.2011 16:00:00,"105,28"
29.09.2011 16:00:00,"106,04"
30.09.2011 16:00:00,"103,52"
03.10.2011 16:00:00,"100,34"
04.10.2011 16:00:00,"102,54"
05.10.2011 16:00:00,"104,58"
06.10.2011 16:00:00,"106,6"
07.10.2011 16:00:00,"105,78"
10.10.2011 16:00:00,"109,36"
11.10.2011 16:00:00,"109,32"
12.10.2011 16:00:00,"110,32"
13.10.2011 16:00:00,"110,16"
14.10.2011 16:00:00,"111,98"
17.10.2011 16:00:00,"109,88"
18.10.2011 16:00:00,"112,08"
19.10.2011 16:00:00,"110,68"
20.10.2011 16:00:00,"111,18"
21.10.2011 16:00:00,"113,32"
24.10.2011 16:00:00,"114,76"
25.10.2011 16:00:00,"112,54"
26.10.2011 16:00:00,"113,62"
27.10.2011 16:00:00,"117,54"
28.10.2011 16:00:00,"117,66"
31.10.2011 16:00:00,"114,64"
01.11.2011 16:00:00,"111,6"
02.11.2011 16:00:00,"113,36"
03.11.2011 16:00:00,"115,46"
04.11.2011 16:00:00,"114,8"
07.11.2011 16:00:00,"115,46"
08.11.2011 16:00:00,"116,84"
09.11.2011 16:00:00,"112,62"
10.11.2011 16:00:00,"113,64"
11.11.2011 16:00:00,"115,86"
14.11.2011 16:00:00,"114,74"
15.11.2011 16:00:00,"115,34"
16.11.2011 16:00:00,"113,48"
17.11.2011 16:00:00,"111,66"
18.11.2011 16:00:00,"111,5"
21.11.2011 16:00:00,"109,5"
22.11.2011 16:00:00,"108,92"
23.11.2011 16:00:00,"106,62"
25.11.2011 16:00:00,"106,3"
28.11.2011 16:00:00,"109,48"
29.11.2011 16:00:00,"109,8"
30.11.2011 16:00:00,"114,3"
01.12.2011 16:00:00,"114,22"
02.12.2011 16:00:00,"114,16"
05.12.2011 16:00:00,"115,4"
06.12.2011 16:00:00,"115,5"
07.12.2011 16:00:00,"115,88"
08.12.2011 16:00:00,"113,38"
09.12.2011 16:00:00,"115,3"
12.12.2011 16:00:00,"113,64"
13.12.2011 16:00:00,"112,56"
14.12.2011 16:00:00,"111,3"
15.12.2011 16:00:00,"111,72"
16.12.2011 16:00:00,"111,8"
19.12.2011 16:00:00,"110,66"
20.12.2011 16:00:00,"113,96"
21.12.2011 16:00:00,"114,3"
22.12.2011 16:00:00,"115,38"
23.12.2011 16:00:00,"115,6"
27.12.2011 16:00:00,"115,72"
28.12.2011 16:00:00,"114,3"
29.12.2011 16:00:00,"115,34"
30.12.2011 16:00:00,"114,9"
03.01.2012 16:00:00,"116,6"
04.01.2012 16:00:00,"116,8"
05.01.2012 16:00:00,"117,18"
06.01.2012 16:00:00,"116,94"
09.01.2012 16:00:00,"117,12"
10.01.2012 16:00:00,"118,12"
11.01.2012 16:00:00,"118,24"
12.01.2012 16:00:00,"118,5"
13.01.2012 16:00:00,118
17.01.2012 16:00:00,"118,32"
18.01.2012 16:00:00,"119,64"
19.01.2012 16:00:00,"120,28"
20.01.2012 16:00:00,"120,28"
23.01.2012 16:00:00,"120,4"
24.01.2012 16:00:00,"120,22"
25.01.2012 16:00:00,"121,28"
26.01.2012 16:00:00,"120,66"
27.01.2012 16:00:00,"120,5"
30.01.2012 16:00:00,"120,1"
31.01.2012 16:00:00,"120,04"
01.02.2012 16:00:00,"121,18"
02.02.2012 16:00:00,"121,42"
03.02.2012 16:00:00,"123,14"
06.02.2012 16:00:00,"122,96"
07.02.2012 16:00:00,"123,34"
08.02.2012 16:00:00,"123,6"
09.02.2012 16:00:00,"123,74"
10.02.2012 16:00:00,"122,9"
13.02.2012 16:00:00,"123,84"
14.02.2012 16:00:00,"123,67"
15.02.2012 16:00:00,"123,12"
16.02.2012 16:00:00,"124,46"
17.02.2012 16:00:00,"124,76"
21.02.2012 16:00:00,"124,84"
22.02.2012 16:00:00,"124,42"
23.02.2012 16:00:00,"125,02"
24.02.2012 16:00:00,"125,2"
27.02.2012 16:00:00,"125,42"
28.02.2012 16:00:00,"125,86"
29.02.2012 16:00:00,"125,18"
01.03.2012 16:00:00,126
02.03.2012 16:00:00,"125,66"
05.03.2012 16:00:00,"125,12"
06.03.2012 16:00:00,"123,16"
07.03.2012 16:00:00,"124,14"
08.03.2012 16:00:00,"125,34"
09.03.2012 16:00:00,"125,82"
12.03.2012 16:00:00,"125,88"
13.03.2012 16:00:00,"128,14"
14.03.2012 16:00:00,"128,04"
15.03.2012 16:00:00,"128,7"
16.03.2012 16:00:00,"128,88"
19.03.2012 16:00:00,"129,42"
20.03.2012 16:00:00,"129,06"
21.03.2012 16:00:00,"128,86"
22.03.2012 16:00:00,"127,86"
23.03.2012 16:00:00,"128,36"
26.03.2012 16:00:00,"129,52"
27.03.2012 16:00:00,"129,16"
28.03.2012 16:00:00,"128,54"
29.03.2012 16:00:00,"128,32"
30.03.2012 16:00:00,"128,74"
02.04.2012 16:00:00,"129,78"
03.04.2012 16:00:00,"129,28"
04.04.2012 16:00:00,"127,92"
05.04.2012 16:00:00,"127,88"
09.04.2012 16:00:00,"126,46"
10.04.2012 16:00:00,"124,26"
11.04.2012 16:00:00,"125,28"
12.04.2012 16:00:00,127
13.04.2012 16:00:00,"125,48"
16.04.2012 16:00:00,"125,34"
17.04.2012 16:00:00,"127,26"
18.04.2012 16:00:00,"126,82"
19.04.2012 16:00:00,126
20.04.2012 16:00:00,"126,2"
23.04.2012 16:00:00,"125,12"
24.04.2012 16:00:00,"125,58"
25.04.2012 16:00:00,"127,34"
26.04.2012 16:00:00,"128,22"
27.04.2012 16:00:00,"128,48"
30.04.2012 16:00:00,"127,92"
01.05.2012 16:00:00,"128,76"
02.05.2012 16:00:00,"128,36"
03.05.2012 16:00:00,"127,42"
04.05.2012 16:00:00,"125,34"
07.05.2012 16:00:00,"125,44"
08.05.2012 16:00:00,"124,9"
09.05.2012 16:00:00,"124,2"
10.05.2012 16:00:00,"124,42"
11.05.2012 16:00:00,"124,02"
14.05.2012 16:00:00,"122,7"
15.05.2012 16:00:00,"122,02"
16.05.2012 16:00:00,"121,5"
17.05.2012 16:00:00,"119,66"
18.05.2012 16:00:00,"118,72"
21.05.2012 16:00:00,"120,72"
22.05.2012 16:00:00,"120,98"
23.05.2012 16:00:00,"120,98"
24.05.2012 16:00:00,"121,2"
25.05.2012 16:00:00,"120,92"
29.05.2012 16:00:00,"122,3"
30.05.2012 16:00:00,"120,54"
31.05.2012 16:00:00,"120,24"
01.06.2012 16:00:00,"117,3"
04.06.2012 16:00:00,"117,26"
05.06.2012 16:00:00,"117,94"
06.06.2012 16:00:00,"120,76"
07.06.2012 16:00:00,"120,74"
08.06.2012 16:00:00,"121,74"
11.06.2012 16:00:00,"120,26"
12.06.2012 16:00:00,"121,66"
13.06.2012 16:00:00,"120,86"
14.06.2012 16:00:00,"122,2"
15.06.2012 16:00:00,"123,28"
18.06.2012 16:00:00,"123,54"
19.06.2012 16:00:00,"124,8"
20.06.2012 16:00:00,"124,6"
21.06.2012 16:00:00,"121,86"
22.06.2012 16:00:00,"122,74"
25.06.2012 16:00:00,"120,16"
26.06.2012 16:00:00,"120,74"
27.06.2012 16:00:00,"121,82"
28.06.2012 16:00:00,"121,54"
29.06.2012 16:00:00,"124,56"
02.07.2012 16:00:00,"124,9"
03.07.2012 16:00:00,"125,72"
05.07.2012 16:00:00,"125,18"
06.07.2012 16:00:00,"124,02"
09.07.2012 16:00:00,"123,86"
10.07.2012 16:00:00,"122,72"
11.07.2012 16:00:00,"122,74"
12.07.2012 16:00:00,"122,1"
13.07.2012 16:00:00,"124,18"
16.07.2012 16:00:00,"123,9"
17.07.2012 16:00:00,"124,78"
18.07.2012 16:00:00,"125,68"
19.07.2012 16:00:00,126
20.07.2012 16:00:00,"124,84"
23.07.2012 16:00:00,"123,6"
24.07.2012 16:00:00,"122,62"
25.07.2012 16:00:00,"122,54"
26.07.2012 16:00:00,"124,54"
27.07.2012 16:00:00,"126,94"
30.07.2012 16:00:00,"126,88"
31.07.2012 16:00:00,"126,06"
01.08.2012 16:00:00,"125,92"
02.08.2012 16:00:00,"125,04"
03.08.2012 16:00:00,"127,48"
06.08.2012 16:00:00,"127,82"
07.08.2012 16:00:00,"128,4"
08.08.2012 16:00:00,"128,54"
09.08.2012 16:00:00,"128,68"
10.08.2012 16:00:00,"128,88"
13.08.2012 16:00:00,"128,78"
14.08.2012 16:00:00,"128,84"
15.08.2012 16:00:00,"128,98"
16.08.2012 16:00:00,"129,86"
17.08.2012 16:00:00,"130,16"
20.08.2012 16:00:00,"130,12"
21.08.2012 16:00:00,"129,72"
22.08.2012 16:00:00,"129,74"
23.08.2012 16:00:00,"128,72"
24.08.2012 16:00:00,"129,52"
27.08.2012 16:00:00,"129,52"
28.08.2012 16:00:00,"129,4"
29.08.2012 16:00:00,"129,52"
30.08.2012 16:00:00,"128,54"
31.08.2012 16:00:00,"129,22"
04.09.2012 16:00:00,"128,88"
05.09.2012 16:00:00,"128,88"
06.09.2012 16:00:00,"131,56"
07.09.2012 16:00:00,"132,1"
10.09.2012 16:00:00,"131,32"
11.09.2012 16:00:00,"131,68"
12.09.2012 16:00:00,"132,1"
13.09.2012 16:00:00,"134,2"
14.09.2012 16:00:00,"134,76"
17.09.2012 16:00:00,"134,36"
18.09.2012 16:00:00,"134,22"
19.09.2012 16:00:00,"134,32"
20.09.2012 16:00:00,"134,3"
21.09.2012 16:00:00,"134,22"
24.09.2012 16:00:00,"133,36"
25.09.2012 16:00:00,132
26.09.2012 16:00:00,"131,16"
27.09.2012 16:00:00,"132,44"
28.09.2012 16:00:00,"131,84"
01.10.2012 16:00:00,"132,08"
02.10.2012 16:00:00,"132,26"
03.10.2012 16:00:00,"132,8"
04.10.2012 16:00:00,"133,82"
05.10.2012 16:00:00,"133,78"
08.10.2012 16:00:00,"133,38"
09.10.2012 16:00:00,"132,08"
10.10.2012 16:00:00,"131,18"
11.10.2012 16:00:00,"131,26"
12.10.2012 16:00:00,"130,8"
15.10.2012 16:00:00,"131,9"
16.10.2012 16:00:00,"133,24"
17.10.2012 16:00:00,"133,86"
18.10.2012 16:00:00,"133,52"
19.10.2012 16:00:00,"131,24"
22.10.2012 16:00:00,"131,32"
23.10.2012 16:00:00,"129,4"
24.10.2012 16:00:00,"129,12"
25.10.2012 16:00:00,"129,48"
26.10.2012 16:00:00,"129,38"
31.10.2012 16:00:00,"129,26"
01.11.2012 16:00:00,"130,78"
02.11.2012 16:00:00,"129,6"
05.11.2012 16:00:00,"129,9"
06.11.2012 16:00:00,"130,86"
07.11.2012 16:00:00,128
08.11.2012 16:00:00,"126,3"
09.11.2012 16:00:00,"126,44"
12.11.2012 16:00:00,"126,62"
13.11.2012 16:00:00,"126,16"
14.11.2012 16:00:00,"124,62"
15.11.2012 16:00:00,"124,14"
16.11.2012 16:00:00,"124,78"
19.11.2012 16:00:00,"127,32"
20.11.2012 16:00:00,"127,46"
21.11.2012 16:00:00,"127,74"
23.11.2012 16:00:00,"129,36"
26.11.2012 16:00:00,"129,2"
27.11.2012 16:00:00,"128,58"
28.11.2012 16:00:00,"129,54"
29.11.2012 16:00:00,"130,12"
30.11.2012 16:00:00,130
03.12.2012 16:00:00,"129,54"
04.12.2012 16:00:00,"129,3"
05.12.2012 16:00:00,"129,58"
06.12.2012 16:00:00,"129,98"
07.12.2012 16:00:00,"130,38"
10.12.2012 16:00:00,"130,46"
11.12.2012 16:00:00,"131,3"
12.12.2012 16:00:00,"131,4"
13.12.2012 16:00:00,"130,6"
14.12.2012 16:00:00,"130,18"
17.12.2012 16:00:00,"131,74"
18.12.2012 16:00:00,"133,08"
19.12.2012 16:00:00,"132,1"
20.12.2012 16:00:00,"132,92"
21.12.2012 16:00:00,"131,68"
24.12.2012 16:00:00,"130,36"
26.12.2012 16:00:00,"129,74"
27.12.2012 16:00:00,"129,62"
28.12.2012 16:00:00,"128,18"
31.12.2012 16:00:00,"130,38"
02.01.2013 16:00:00,"133,6"
03.01.2013 16:00:00,"133,48"
04.01.2013 16:00:00,"134,04"
07.01.2013 16:00:00,"133,68"
08.01.2013 16:00:00,"133,28"
09.01.2013 16:00:00,"133,68"
10.01.2013 16:00:00,"134,66"
11.01.2013 16:00:00,"134,72"
14.01.2013 16:00:00,"134,6"
15.01.2013 16:00:00,"134,66"
16.01.2013 16:00:00,"134,66"
17.01.2013 16:00:00,"135,49"
18.01.2013 16:00:00,"135,88"
22.01.2013 16:00:00,"136,54"
23.01.2013 16:00:00,"136,74"
24.01.2013 16:00:00,"136,82"
25.01.2013 16:00:00,"137,58"
28.01.2013 16:00:00,"137,42"
29.01.2013 16:00:00,"137,98"
30.01.2013 16:00:00,"137,44"
31.01.2013 16:00:00,"137,12"
01.02.2013 16:00:00,"138,44"
04.02.2013 16:00:00,"136,92"
05.02.2013 16:00:00,"138,32"
06.02.2013 16:00:00,"138,44"
07.02.2013 16:00:00,"138,26"
08.02.2013 16:00:00,"139,02"
11.02.2013 16:00:00,"138,96"
12.02.2013 16:00:00,"139,18"
13.02.2013 16:00:00,"139,3"
14.02.2013 16:00:00,"139,5"
15.02.2013 16:00:00,"139,32"
19.02.2013 16:00:00,"140,28"
20.02.2013 16:00:00,"138,54"
21.02.2013 16:00:00,"137,88"
22.02.2013 16:00:00,"139,08"
25.02.2013 16:00:00,"136,46"
26.02.2013 16:00:00,"137,38"
27.02.2013 16:00:00,"139,1"
28.02.2013 16:00:00,"138,94"
01.03.2013 16:00:00,"139,3"
04.03.2013 16:00:00,"140,08"
05.03.2013 16:00:00,"141,28"
06.03.2013 16:00:00,"141,54"
07.03.2013 16:00:00,"141,8"
08.03.2013 16:00:00,"142,36"
11.03.2013 16:00:00,"142,88"
12.03.2013 16:00:00,"142,56"
13.03.2013 16:00:00,"142,76"
14.03.2013 16:00:00,"143,52"
15.03.2013 16:00:00,"143,32"
18.03.2013 16:00:00,"142,54"
19.03.2013 16:00:00,"142,2"
20.03.2013 16:00:00,"143,18"
21.03.2013 16:00:00,"142,02"
22.03.2013 16:00:00,"142,38"
25.03.2013 16:00:00,"141,98"
26.03.2013 16:00:00,"143,04"
27.03.2013 16:00:00,"142,96"
28.03.2013 16:00:00,"143,28"
01.04.2013 16:00:00,"142,88"
02.04.2013 16:00:00,"143,58"
03.04.2013 16:00:00,"142,14"
04.04.2013 16:00:00,"142,7"
05.04.2013 16:00:00,"142,14"
08.04.2013 16:00:00,"143,02"
09.04.2013 16:00:00,"143,54"
10.04.2013 16:00:00,"145,3"
11.04.2013 16:00:00,"145,78"
12.04.2013 16:00:00,"145,46"
15.04.2013 16:00:00,"142,14"
16.04.2013 16:00:00,"144,14"
17.04.2013 16:00:00,"142,02"
18.04.2013 16:00:00,"140,86"
19.04.2013 16:00:00,"142,36"
22.04.2013 16:00:00,143
23.04.2013 16:00:00,"144,52"
24.04.2013 16:00:00,"144,56"
25.04.2013 16:00:00,"145,2"
26.04.2013 16:00:00,"144,88"
29.04.2013 16:00:00,"145,82"
30.04.2013 16:00:00,"146,28"
01.05.2013 16:00:00,"144,96"
02.05.2013 16:00:00,"146,26"
03.05.2013 16:00:00,"147,64"
06.05.2013 16:00:00,"148,1"
07.05.2013 16:00:00,"148,86"
08.05.2013 16:00:00,"149,64"
09.05.2013 16:00:00,"149,2"
10.05.2013 16:00:00,"149,72"
13.05.2013 16:00:00,"149,7"
14.05.2013 16:00:00,"151,28"
15.05.2013 16:00:00,"152,14"
16.05.2013 16:00:00,"151,44"
17.05.2013 16:00:00,"152,88"
20.05.2013 16:00:00,"152,88"
21.05.2013 16:00:00,"153,08"
22.05.2013 16:00:00,"152,06"
23.05.2013 16:00:00,"151,52"
24.05.2013 16:00:00,"151,32"
28.05.2013 16:00:00,"152,4"
29.05.2013 16:00:00,"151,24"
30.05.2013 16:00:00,"151,9"
31.05.2013 16:00:00,"149,68"
03.06.2013 16:00:00,"150,46"
04.06.2013 16:00:00,150
05.06.2013 16:00:00,"147,7"
06.06.2013 16:00:00,"148,86"
07.06.2013 16:00:00,"150,94"
10.06.2013 16:00:00,"150,88"
11.06.2013 16:00:00,"149,34"
12.06.2013 16:00:00,"148,18"
13.06.2013 16:00:00,"150,32"
14.06.2013 16:00:00,"149,4"
17.06.2013 16:00:00,"150,6"
18.06.2013 16:00:00,"151,76"
19.06.2013 16:00:00,"149,74"
20.06.2013 16:00:00,"145,94"
21.06.2013 16:00:00,"146,4"
24.06.2013 16:00:00,"143,82"
25.06.2013 16:00:00,"145,26"
26.06.2013 16:00:00,"146,62"
27.06.2013 16:00:00,"147,6"
28.06.2013 16:00:00,"146,68"
01.07.2013 16:00:00,"147,78"
02.07.2013 16:00:00,"147,56"
03.07.2013 16:00:00,"147,7"
05.07.2013 16:00:00,"149,34"
08.07.2013 16:00:00,"150,12"
09.07.2013 16:00:00,"151,26"
10.07.2013 16:00:00,"151,3"
11.07.2013 16:00:00,"153,44"
12.07.2013 16:00:00,"153,48"
15.07.2013 16:00:00,"154,04"
16.07.2013 16:00:00,"153,46"
17.07.2013 16:00:00,"153,84"
18.07.2013 16:00:00,"154,72"
19.07.2013 16:00:00,155
22.07.2013 16:00:00,"155,28"
23.07.2013 16:00:00,"154,96"
24.07.2013 16:00:00,"154,38"
25.07.2013 16:00:00,"154,66"
26.07.2013 16:00:00,"154,86"
29.07.2013 16:00:00,"154,41"
30.07.2013 16:00:00,"154,42"
31.07.2013 16:00:00,"154,46"
01.08.2013 16:00:00,"156,34"
02.08.2013 16:00:00,"156,58"
05.08.2013 16:00:00,"156,48"
06.08.2013 16:00:00,"155,54"
07.08.2013 16:00:00,155
08.08.2013 16:00:00,"155,54"
09.08.2013 16:00:00,"155,1"
12.08.2013 16:00:00,"154,9"
13.08.2013 16:00:00,"155,5"
14.08.2013 16:00:00,"154,62"
15.08.2013 16:00:00,"152,36"
16.08.2013 16:00:00,"151,92"
19.08.2013 16:00:00,"150,96"
20.08.2013 16:00:00,"151,56"
21.08.2013 16:00:00,"150,78"
22.08.2013 16:00:00,"152,1"
23.08.2013 16:00:00,"152,6"
26.08.2013 16:00:00,"152,12"
27.08.2013 16:00:00,"149,62"
28.08.2013 16:00:00,"150,12"
29.08.2013 16:00:00,"150,36"
30.08.2013 16:00:00,"149,7"
03.09.2013 16:00:00,"150,58"
04.09.2013 16:00:00,"151,84"
05.09.2013 16:00:00,"151,8"
06.09.2013 16:00:00,"152,06"
09.09.2013 16:00:00,"153,56"
10.09.2013 16:00:00,"154,72"
11.09.2013 16:00:00,"155,2"
12.09.2013 16:00:00,"154,82"
13.09.2013 16:00:00,"155,14"
16.09.2013 16:00:00,"156,08"
17.09.2013 16:00:00,"156,72"
18.09.2013 16:00:00,"158,6"
19.09.2013 16:00:00,"158,34"
20.09.2013 16:00:00,"157,1"
23.09.2013 16:00:00,"155,74"
24.09.2013 16:00:00,"155,4"
25.09.2013 16:00:00,"154,9"
26.09.2013 16:00:00,"155,52"
27.09.2013 16:00:00,"154,86"
30.09.2013 16:00:00,154
01.10.2013 16:00:00,"155,18"
02.10.2013 16:00:00,"154,98"
03.10.2013 16:00:00,"153,6"
04.10.2013 16:00:00,"154,72"
07.10.2013 16:00:00,"153,4"
08.10.2013 16:00:00,"151,62"
09.10.2013 16:00:00,"151,62"
10.10.2013 16:00:00,"155,04"
11.10.2013 16:00:00,"155,96"
14.10.2013 16:00:00,"156,64"
15.10.2013 16:00:00,"155,48"
16.10.2013 16:00:00,"157,6"
17.10.2013 16:00:00,"158,68"
18.10.2013 16:00:00,"159,74"
21.10.2013 16:00:00,"159,82"
22.10.2013 16:00:00,"160,68"
23.10.2013 16:00:00,"159,94"
24.10.2013 16:00:00,"160,46"
25.10.2013 16:00:00,"161,2"
28.10.2013 16:00:00,"161,4"
29.10.2013 16:00:00,"162,39"
30.10.2013 16:00:00,"161,48"
31.10.2013 16:00:00,"160,88"
01.11.2013 16:00:00,"161,34"
04.11.2013 16:00:00,"162,07"
05.11.2013 16:00:00,"161,58"
06.11.2013 16:00:00,"162,33"
07.11.2013 16:00:00,"160,25"
08.11.2013 16:00:00,"162,45"
11.11.2013 16:00:00,"162,42"
12.11.2013 16:00:00,"162,13"
13.11.2013 16:00:00,"163,38"
14.11.2013 16:00:00,"164,29"
15.11.2013 16:00:00,165
18.11.2013 16:00:00,"164,39"
19.11.2013 16:00:00,"164,07"
20.11.2013 16:00:00,"163,55"
21.11.2013 16:00:00,"164,83"
22.11.2013 16:00:00,"165,67"
25.11.2013 16:00:00,"165,57"
26.11.2013 16:00:00,"165,49"
27.11.2013 16:00:00,"165,94"
29.11.2013 16:00:00,"165,7"
02.12.2013 16:00:00,"165,44"
03.12.2013 16:00:00,"164,8"
04.12.2013 16:00:00,"164,61"
05.12.2013 16:00:00,"163,98"
06.12.2013 16:00:00,"165,84"
09.12.2013 16:00:00,"166,22"
10.12.2013 16:00:00,"165,65"
11.12.2013 16:00:00,"163,77"
12.12.2013 16:00:00,"163,23"
13.12.2013 16:00:00,"163,18"
16.12.2013 16:00:00,"164,22"
17.12.2013 16:00:00,"163,64"
18.12.2013 16:00:00,"166,49"
19.12.2013 16:00:00,"166,34"
20.12.2013 16:00:00,"167,18"
23.12.2013 16:00:00,"168,95"
24.12.2013 16:00:00,"167,65"
26.12.2013 16:00:00,"168,43"
27.12.2013 16:00:00,"168,44"
30.12.2013 16:00:00,"168,37"
31.12.2013 16:00:00,"169,15"
02.01.2014 16:00:00,"167,63"
03.01.2014 16:00:00,"167,48"
06.01.2014 16:00:00,"167,06"
07.01.2014 16:00:00,"168,1"
08.01.2014 16:00:00,"168,17"
09.01.2014 16:00:00,"168,27"
10.01.2014 16:00:00,"168,66"
13.01.2014 16:00:00,"166,52"
14.01.2014 16:00:00,"168,25"
15.01.2014 16:00:00,"169,2"
16.01.2014 16:00:00,"168,94"
17.01.2014 16:00:00,"168,21"
21.01.2014 16:00:00,"168,74"
22.01.2014 16:00:00,"168,84"
23.01.2014 16:00:00,"167,48"
24.01.2014 16:00:00,"163,88"
27.01.2014 16:00:00,"163,08"
28.01.2014 16:00:00,"164,09"
29.01.2014 16:00:00,"162,38"
30.01.2014 16:00:00,"164,2"
31.01.2014 16:00:00,"163,18"
03.02.2014 16:00:00,"159,61"
04.02.2014 16:00:00,"160,69"
05.02.2014 16:00:00,"160,42"
06.02.2014 16:00:00,"162,57"
07.02.2014 16:00:00,"164,67"
10.02.2014 16:00:00,"164,93"
11.02.2014 16:00:00,"166,75"
12.02.2014 16:00:00,"166,9"
13.02.2014 16:00:00,"167,72"
14.02.2014 16:00:00,"168,61"
18.02.2014 16:00:00,"168,86"
19.02.2014 16:00:00,"167,7"
20.02.2014 16:00:00,"168,65"
21.02.2014 16:00:00,"168,57"
24.02.2014 16:00:00,"169,37"
25.02.2014 16:00:00,"169,31"
26.02.2014 16:00:00,"169,31"
27.02.2014 16:00:00,"170,25"
28.02.2014 16:00:00,"170,63"
03.03.2014 16:00:00,"169,46"
04.03.2014 16:00:00,"171,88"
05.03.2014 16:00:00,"171,91"
06.03.2014 16:00:00,"172,46"
07.03.2014 16:00:00,"172,42"
10.03.2014 16:00:00,"172,45"
11.03.2014 16:00:00,"171,5"
12.03.2014 16:00:00,"171,62"
13.03.2014 16:00:00,"169,72"
14.03.2014 16:00:00,"169,23"
17.03.2014 16:00:00,"170,75"
18.03.2014 16:00:00,"171,96"
19.03.2014 16:00:00,"171,02"
20.03.2014 16:00:00,"171,99"
21.03.2014 16:00:00,"171,42"
24.03.2014 16:00:00,"169,92"
25.03.2014 16:00:00,"170,75"
26.03.2014 16:00:00,"169,49"
27.03.2014 16:00:00,"169,15"
28.03.2014 16:00:00,"169,9"
31.03.2014 16:00:00,"171,35"
01.04.2014 16:00:00,"172,5"
02.04.2014 16:00:00,"173,09"
03.04.2014 16:00:00,"172,82"
04.04.2014 16:00:00,"170,74"
07.04.2014 16:00:00,"168,9"
08.04.2014 16:00:00,"169,6"
09.04.2014 16:00:00,"171,43"
10.04.2014 16:00:00,"167,77"
11.04.2014 16:00:00,"166,26"
14.04.2014 16:00:00,"167,6"
15.04.2014 16:00:00,"168,76"
16.04.2014 16:00:00,"170,54"
17.04.2014 16:00:00,"170,74"
21.04.2014 16:00:00,"171,37"
22.04.2014 16:00:00,"172,12"
23.04.2014 16:00:00,"171,71"
24.04.2014 16:00:00,"172,09"
25.04.2014 16:00:00,"170,71"
28.04.2014 16:00:00,"171,23"
29.04.2014 16:00:00,"172,05"
30.04.2014 16:00:00,"172,59"
01.05.2014 16:00:00,"172,6"
02.05.2014 16:00:00,"172,32"
05.05.2014 16:00:00,"172,68"
06.05.2014 16:00:00,"171,18"
07.05.2014 16:00:00,"172,19"
08.05.2014 16:00:00,"171,98"
09.05.2014 16:00:00,"172,28"
12.05.2014 16:00:00,"173,91"
13.05.2014 16:00:00,"174,07"
14.05.2014 16:00:00,"173,23"
15.05.2014 16:00:00,"171,67"
16.05.2014 16:00:00,"172,34"
19.05.2014 16:00:00,"172,93"
20.05.2014 16:00:00,"171,79"
21.05.2014 16:00:00,"173,28"
22.05.2014 16:00:00,"173,75"
23.05.2014 16:00:00,"174,47"
27.05.2014 16:00:00,"175,5"
28.05.2014 16:00:00,"175,32"
29.05.2014 16:00:00,"176,32"
30.05.2014 16:00:00,"176,55"
02.06.2014 16:00:00,"176,79"
03.06.2014 16:00:00,"176,68"
04.06.2014 16:00:00,177
05.06.2014 16:00:00,"178,2"
06.06.2014 16:00:00,"179,05"
09.06.2014 16:00:00,"179,23"
10.06.2014 16:00:00,"179,27"
11.06.2014 16:00:00,"178,69"
12.06.2014 16:00:00,"177,36"
13.06.2014 16:00:00,"177,92"
16.06.2014 16:00:00,"178,07"
17.06.2014 16:00:00,"178,54"
18.06.2014 16:00:00,"179,87"
19.06.2014 16:00:00,"180,09"
20.06.2014 16:00:00,"180,45"
23.06.2014 16:00:00,"179,56"
24.06.2014 16:00:00,"178,5"
25.06.2014 16:00:00,"179,26"
26.06.2014 16:00:00,"179,17"
27.06.2014 16:00:00,"179,48"
30.06.2014 16:00:00,"179,43"
01.07.2014 16:00:00,"180,69"
02.07.2014 16:00:00,"180,82"
03.07.2014 16:00:00,"181,73"
07.07.2014 16:00:00,"181,14"
08.07.2014 16:00:00,"179,97"
09.07.2014 16:00:00,"180,72"
10.07.2014 16:00:00,"180,03"
11.07.2014 16:00:00,"180,27"
14.07.2014 16:00:00,"181,16"
15.07.2014 16:00:00,"180,85"
16.07.2014 16:00:00,"181,54"
17.07.2014 16:00:00,"179,41"
18.07.2014 16:00:00,"181,3"
21.07.2014 16:00:00,"180,91"
22.07.2014 16:00:00,"181,72"
23.07.2014 16:00:00,"182,15"
24.07.2014 16:00:00,"182,15"
25.07.2014 16:00:00,"181,28"
28.07.2014 16:00:00,"181,36"
29.07.2014 16:00:00,"180,59"
30.07.2014 16:00:00,"180,59"
31.07.2014 16:00:00,"176,96"
01.08.2014 16:00:00,"176,53"
04.08.2014 16:00:00,"177,77"
05.08.2014 16:00:00,"175,97"
06.08.2014 16:00:00,"176,08"
07.08.2014 16:00:00,"175,13"
08.08.2014 16:00:00,"177,16"
11.08.2014 16:00:00,"177,66"
12.08.2014 16:00:00,"177,45"
13.08.2014 16:00:00,"178,7"
14.08.2014 16:00:00,"179,48"
15.08.2014 16:00:00,"179,43"
18.08.2014 16:00:00,"180,92"
19.08.2014 16:00:00,"181,88"
20.08.2014 16:00:00,"182,38"
21.08.2014 16:00:00,"182,9"
22.08.2014 16:00:00,"182,61"
25.08.2014 16:00:00,"183,56"
26.08.2014 16:00:00,"183,71"
27.08.2014 16:00:00,"183,68"
28.08.2014 16:00:00,"183,54"
29.08.2014 16:00:00,"183,99"
02.09.2014 16:00:00,"183,94"
03.09.2014 16:00:00,"183,86"
04.09.2014 16:00:00,"183,56"
05.09.2014 16:00:00,"184,44"
08.09.2014 16:00:00,"183,97"
09.09.2014 16:00:00,"182,78"
10.09.2014 16:00:00,"183,5"
11.09.2014 16:00:00,"183,67"
12.09.2014 16:00:00,"182,58"
15.09.2014 16:00:00,"182,46"
16.09.2014 16:00:00,"183,82"
17.09.2014 16:00:00,"184,08"
18.09.2014 16:00:00,"185,04"
19.09.2014 16:00:00,"184,86"
22.09.2014 16:00:00,"182,56"
23.09.2014 16:00:00,"181,53"
24.09.2014 16:00:00,"182,99"
25.09.2014 16:00:00,"180,05"
26.09.2014 16:00:00,"181,5"
29.09.2014 16:00:00,"181,14"
30.09.2014 16:00:00,"180,59"
01.10.2014 16:00:00,"178,22"
02.10.2014 16:00:00,"178,21"
03.10.2014 16:00:00,"180,2"
06.10.2014 16:00:00,"179,98"
07.10.2014 16:00:00,"177,22"
08.10.2014 16:00:00,"180,32"
09.10.2014 16:00:00,"176,68"
10.10.2014 16:00:00,"174,7"
13.10.2014 16:00:00,"171,83"
14.10.2014 16:00:00,"172,11"
15.10.2014 16:00:00,"170,83"
16.10.2014 16:00:00,"170,72"
17.10.2014 16:00:00,"172,83"
20.10.2014 16:00:00,"174,53"
21.10.2014 16:00:00,"177,92"
22.10.2014 16:00:00,"176,71"
23.10.2014 16:00:00,"178,74"
24.10.2014 16:00:00,"180,08"
27.10.2014 16:00:00,"179,85"
28.10.2014 16:00:00,"181,92"
29.10.2014 16:00:00,"181,71"
30.10.2014 16:00:00,"182,86"
31.10.2014 16:00:00,"184,93"
03.11.2014 16:00:00,"185,04"
04.11.2014 16:00:00,"184,38"
05.11.2014 16:00:00,"185,59"
06.11.2014 16:00:00,"186,34"
07.11.2014 16:00:00,"186,5"
10.11.2014 16:00:00,"187,06"
11.11.2014 16:00:00,"187,24"
12.11.2014 16:00:00,"187,09"
13.11.2014 16:00:00,"187,26"
14.11.2014 16:00:00,"187,33"
17.11.2014 16:00:00,"187,43"
18.11.2014 16:00:00,"188,51"
19.11.2014 16:00:00,"188,17"
20.11.2014 16:00:00,"188,51"
21.11.2014 16:00:00,"189,57"
24.11.2014 16:00:00,"190,06"
25.11.2014 16:00:00,190
26.11.2014 16:00:00,"190,44"
28.11.2014 16:00:00,"190,03"
01.12.2014 16:00:00,"188,73"
02.12.2014 16:00:00,"189,92"
03.12.2014 16:00:00,"190,65"
04.12.2014 16:00:00,"190,46"
05.12.2014 16:00:00,"190,8"
08.12.2014 16:00:00,"189,5"
09.12.2014 16:00:00,"189,35"
10.12.2014 16:00:00,"186,38"
11.12.2014 16:00:00,"187,25"
12.12.2014 16:00:00,"184,21"
15.12.2014 16:00:00,"182,93"
16.12.2014 16:00:00,"181,52"
17.12.2014 16:00:00,"185,18"
18.12.2014 16:00:00,"188,55"
19.12.2014 16:00:00,"189,42"
22.12.2014 16:00:00,"190,26"
23.12.2014 16:00:00,"190,55"
24.12.2014 16:00:00,"190,53"
26.12.2014 16:00:00,"191,15"
29.12.2014 16:00:00,"191,42"
30.12.2014 16:00:00,"190,38"
31.12.2014 16:00:00,"188,4"
02.01.2015 16:00:00,"188,4"
05.01.2015 16:00:00,"185,09"
06.01.2015 16:00:00,"183,27"
07.01.2015 16:00:00,"185,56"
08.01.2015 16:00:00,"188,82"
09.01.2015 16:00:00,"187,23"
12.01.2015 16:00:00,"185,84"
13.01.2015 16:00:00,"185,35"
14.01.2015 16:00:00,"184,26"
15.01.2015 16:00:00,"182,54"
16.01.2015 16:00:00,"184,8"
20.01.2015 16:00:00,"185,26"
21.01.2015 16:00:00,"186,23"
22.01.2015 16:00:00,"189,08"
23.01.2015 16:00:00,"188,04"
26.01.2015 16:00:00,"188,41"
27.01.2015 16:00:00,"185,94"
28.01.2015 16:00:00,"183,49"
29.01.2015 16:00:00,"185,27"
30.01.2015 16:00:00,"182,99"
02.02.2015 16:00:00,"185,09"
03.02.2015 16:00:00,"187,79"
04.02.2015 16:00:00,"187,15"
05.02.2015 16:00:00,"189,05"
06.02.2015 16:00:00,"188,52"
09.02.2015 16:00:00,"187,66"
10.02.2015 16:00:00,"189,66"
11.02.2015 16:00:00,"189,79"
12.02.2015 16:00:00,"191,55"
13.02.2015 16:00:00,"192,39"
17.02.2015 16:00:00,"192,7"
18.02.2015 16:00:00,"192,74"
19.02.2015 16:00:00,"192,61"
20.02.2015 16:00:00,"193,78"
23.02.2015 16:00:00,"193,73"
24.02.2015 16:00:00,"194,3"
25.02.2015 16:00:00,"194,09"
26.02.2015 16:00:00,"193,87"
27.02.2015 16:00:00,"193,2"
02.03.2015 16:00:00,"194,47"
03.03.2015 16:00:00,"193,64"
04.03.2015 16:00:00,"192,83"
05.03.2015 16:00:00,"193,04"
06.03.2015 16:00:00,"190,31"
09.03.2015 16:00:00,"191,12"
10.03.2015 16:00:00,"187,98"
11.03.2015 16:00:00,"187,54"
12.03.2015 16:00:00,"189,96"
13.03.2015 16:00:00,"188,8"
16.03.2015 16:00:00,"191,38"
17.03.2015 16:00:00,"190,73"
18.03.2015 16:00:00,193
19.03.2015 16:00:00,"192,11"
20.03.2015 16:00:00,"193,85"
23.03.2015 16:00:00,"192,52"
24.03.2015 16:00:00,"191,4"
25.03.2015 16:00:00,"188,61"
26.03.2015 16:00:00,"188,14"
27.03.2015 16:00:00,"188,53"
30.03.2015 16:00:00,"190,88"
31.03.2015 16:00:00,"189,2"
01.04.2015 16:00:00,"188,59"
02.04.2015 16:00:00,"189,15"
06.04.2015 16:00:00,"190,48"
07.04.2015 16:00:00,"189,97"
08.04.2015 16:00:00,"190,66"
09.04.2015 16:00:00,"191,49"
10.04.2015 16:00:00,"192,54"
13.04.2015 16:00:00,"191,67"
14.04.2015 16:00:00,"192,02"
15.04.2015 16:00:00,"192,9"
16.04.2015 16:00:00,"192,83"
17.04.2015 16:00:00,"190,59"
20.04.2015 16:00:00,"192,33"
21.04.2015 16:00:00,"192,14"
22.04.2015 16:00:00,"193,09"
23.04.2015 16:00:00,"193,59"
24.04.2015 16:00:00,"193,98"
27.04.2015 16:00:00,"193,21"
28.04.2015 16:00:00,"193,81"
29.04.2015 16:00:00,"193,02"
30.04.2015 16:00:00,"191,1"
01.05.2015 16:00:00,"193,1"
04.05.2015 16:00:00,"193,7"
05.05.2015 16:00:00,"191,44"
06.05.2015 16:00:00,"190,67"
07.05.2015 16:00:00,"191,44"
08.05.2015 16:00:00,"193,95"
11.05.2015 16:00:00,"193,02"
12.05.2015 16:00:00,"192,46"
13.05.2015 16:00:00,"192,52"
14.05.2015 16:00:00,"194,53"
15.05.2015 16:00:00,"194,73"
18.05.2015 16:00:00,"195,33"
19.05.2015 16:00:00,"195,23"
20.05.2015 16:00:00,"195,1"
21.05.2015 16:00:00,"195,69"
22.05.2015 16:00:00,"195,26"
26.05.2015 16:00:00,"193,16"
27.05.2015 16:00:00,"194,94"
28.05.2015 16:00:00,"194,76"
29.05.2015 16:00:00,"193,49"
01.06.2015 16:00:00,"193,94"
02.06.2015 16:00:00,"193,74"
03.06.2015 16:00:00,"194,27"
04.06.2015 16:00:00,"192,69"
05.06.2015 16:00:00,"192,3"
08.06.2015 16:00:00,"191,11"
09.06.2015 16:00:00,"191,06"
10.06.2015 16:00:00,"193,33"
11.06.2015 16:00:00,"193,93"
12.06.2015 16:00:00,"192,51"
15.06.2015 16:00:00,"191,62"
16.06.2015 16:00:00,"192,74"
17.06.2015 16:00:00,"193,07"
18.06.2015 16:00:00,"194,98"
19.06.2015 16:00:00,"193,85"
22.06.2015 16:00:00,"194,27"
23.06.2015 16:00:00,"194,41"
24.06.2015 16:00:00,"193,02"
25.06.2015 16:00:00,"192,42"
26.06.2015 16:00:00,"192,42"
29.06.2015 16:00:00,"188,35"
30.06.2015 16:00:00,"188,84"
01.07.2015 16:00:00,"190,27"
02.07.2015 16:00:00,"190,13"
06.07.2015 16:00:00,"189,58"
07.07.2015 16:00:00,"190,75"
08.07.2015 16:00:00,"187,51"
09.07.2015 16:00:00,"187,85"
10.07.2015 16:00:00,"190,24"
13.07.2015 16:00:00,"192,37"
14.07.2015 16:00:00,"193,22"
15.07.2015 16:00:00,"193,14"
16.07.2015 16:00:00,"194,62"
17.07.2015 16:00:00,"194,85"
20.07.2015 16:00:00,"194,94"
21.07.2015 16:00:00,"194,17"
22.07.2015 16:00:00,"193,79"
23.07.2015 16:00:00,"192,68"
24.07.2015 16:00:00,"190,67"
27.07.2015 16:00:00,"189,59"
28.07.2015 16:00:00,"191,89"
29.07.2015 16:00:00,"193,25"
30.07.2015 16:00:00,"193,28"
31.07.2015 16:00:00,"192,95"
03.08.2015 16:00:00,"192,35"
04.08.2015 16:00:00,"191,97"
05.08.2015 16:00:00,"192,64"
06.08.2015 16:00:00,"191,17"
07.08.2015 16:00:00,"190,67"
10.08.2015 16:00:00,"193,09"
11.08.2015 16:00:00,"191,32"
12.08.2015 16:00:00,"191,49"
13.08.2015 16:00:00,"191,28"
14.08.2015 16:00:00,"192,02"
17.08.2015 16:00:00,"193,09"
18.08.2015 16:00:00,"192,5"
19.08.2015 16:00:00,"190,98"
20.08.2015 16:00:00,"186,97"
21.08.2015 16:00:00,"181,04"
24.08.2015 16:00:00,"173,66"
25.08.2015 16:00:00,"171,55"
26.08.2015 16:00:00,"178,36"
27.08.2015 16:00:00,"182,72"
28.08.2015 16:00:00,"182,72"
31.08.2015 16:00:00,"181,11"
01.09.2015 16:00:00,"175,58"
02.09.2015 16:00:00,"179,12"
03.09.2015 16:00:00,"179,27"
04.09.2015 16:00:00,"176,49"
08.09.2015 16:00:00,"181,01"
09.09.2015 16:00:00,"178,57"
10.09.2015 16:00:00,"179,57"
11.09.2015 16:00:00,"180,32"
14.09.2015 16:00:00,"179,64"
15.09.2015 16:00:00,"181,98"
16.09.2015 16:00:00,"183,57"
17.09.2015 16:00:00,"183,09"
18.09.2015 16:00:00,"180,13"
21.09.2015 16:00:00,"180,1"
22.09.2015 16:00:00,"177,75"
23.09.2015 16:00:00,"177,43"
24.09.2015 16:00:00,"176,88"
25.09.2015 16:00:00,"176,76"
28.09.2015 16:00:00,"172,31"
29.09.2015 16:00:00,"172,4"
30.09.2015 16:00:00,"175,71"
01.10.2015 16:00:00,"176,2"
02.10.2015 16:00:00,"178,75"
05.10.2015 16:00:00,"181,96"
06.10.2015 16:00:00,"181,35"
07.10.2015 16:00:00,"182,87"
08.10.2015 16:00:00,"184,48"
09.10.2015 16:00:00,"184,58"
12.10.2015 16:00:00,"184,8"
13.10.2015 16:00:00,"183,57"
14.10.2015 16:00:00,"182,71"
15.10.2015 16:00:00,"185,45"
16.10.2015 16:00:00,"186,2"
19.10.2015 16:00:00,"186,42"
20.10.2015 16:00:00,"186,18"
21.10.2015 16:00:00,"184,97"
22.10.2015 16:00:00,"188,17"
23.10.2015 16:00:00,"190,22"
26.10.2015 16:00:00,"189,77"
27.10.2015 16:00:00,"189,4"
28.10.2015 16:00:00,"191,6"
29.10.2015 16:00:00,"191,53"
30.10.2015 16:00:00,"190,56"
02.11.2015 16:00:00,"192,82"
03.11.2015 16:00:00,"193,43"
04.11.2015 16:00:00,"192,88"
05.11.2015 16:00:00,"192,64"
06.11.2015 16:00:00,"192,56"
09.11.2015 16:00:00,"190,76"
10.11.2015 16:00:00,"191,12"
11.11.2015 16:00:00,"190,39"
12.11.2015 16:00:00,"187,84"
13.11.2015 16:00:00,"185,67"
16.11.2015 16:00:00,"188,52"
17.11.2015 16:00:00,"188,29"
18.11.2015 16:00:00,"191,32"
19.11.2015 16:00:00,"191,22"
20.11.2015 16:00:00,"191,93"
23.11.2015 16:00:00,"191,71"
24.11.2015 16:00:00,"192,02"
25.11.2015 16:00:00,"191,96"
27.11.2015 16:00:00,"192,15"
30.11.2015 16:00:00,"191,37"
01.12.2015 16:00:00,"193,22"
02.12.2015 16:00:00,"191,18"
03.12.2015 16:00:00,"188,46"
04.12.2015 16:00:00,"192,16"
07.12.2015 16:00:00,"190,95"
08.12.2015 16:00:00,"189,73"
09.12.2015 16:00:00,"188,31"
10.12.2015 16:00:00,"188,74"
11.12.2015 16:00:00,"184,98"
14.12.2015 16:00:00,"186,09"
15.12.2015 16:00:00,"188,03"
16.12.2015 16:00:00,"190,67"
17.12.2015 16:00:00,"187,89"
18.12.2015 16:00:00,"184,4"
21.12.2015 16:00:00,"184,93"
22.12.2015 16:00:00,"186,6"
23.12.2015 16:00:00,"188,84"
24.12.2015 16:00:00,"188,51"
28.12.2015 16:00:00,"188,1"
29.12.2015 16:00:00,"190,2"
30.12.2015 16:00:00,"188,8"
31.12.2015 16:00:00,"186,93"
04.01.2016 16:00:00,"184,31"
05.01.2016 16:00:00,"184,64"
06.01.2016 16:00:00,"182,3"
07.01.2016 16:00:00,"177,86"
08.01.2016 16:00:00,"175,97"
11.01.2016 16:00:00,"175,99"
12.01.2016 16:00:00,"177,45"
13.01.2016 16:00:00,"173,11"
14.01.2016 16:00:00,"175,92"
15.01.2016 16:00:00,"172,15"
19.01.2016 16:00:00,"172,34"
20.01.2016 16:00:00,"170,32"
21.01.2016 16:00:00,"171,15"
22.01.2016 16:00:00,"174,66"
25.01.2016 16:00:00,"172,07"
26.01.2016 16:00:00,"174,4"
27.01.2016 16:00:00,"172,42"
28.01.2016 16:00:00,"173,36"
29.01.2016 16:00:00,"177,75"
01.02.2016 16:00:00,"177,59"
02.02.2016 16:00:00,"174,37"
03.02.2016 16:00:00,"175,39"
04.02.2016 16:00:00,"175,61"
05.02.2016 16:00:00,"172,31"
08.02.2016 16:00:00,"169,94"
09.02.2016 16:00:00,"169,99"
10.02.2016 16:00:00,"169,88"
11.02.2016 16:00:00,"167,7"
12.02.2016 16:00:00,"171,14"
16.02.2016 16:00:00,"174,01"
17.02.2016 16:00:00,"176,86"
18.02.2016 16:00:00,"176,11"
19.02.2016 16:00:00,"176,07"
22.02.2016 16:00:00,"178,59"
23.02.2016 16:00:00,"176,35"
24.02.2016 16:00:00,"177,18"
25.02.2016 16:00:00,"179,31"
26.02.2016 16:00:00,"178,98"
29.02.2016 16:00:00,"177,38"
01.03.2016 16:00:00,"181,75"
02.03.2016 16:00:00,"182,52"
03.03.2016 16:00:00,"183,19"
04.03.2016 16:00:00,"183,78"
07.03.2016 16:00:00,"183,98"
08.03.2016 16:00:00,"181,91"
09.03.2016 16:00:00,"182,91"
10.03.2016 16:00:00,"183,01"
11.03.2016 16:00:00,"185,98"
14.03.2016 16:00:00,"185,7"
15.03.2016 16:00:00,"185,46"
16.03.2016 16:00:00,"186,57"
17.03.2016 16:00:00,"187,75"
18.03.2016 16:00:00,"188,45"
21.03.2016 16:00:00,"187,73"
22.03.2016 16:00:00,"187,63"
23.03.2016 16:00:00,"186,43"
24.03.2016 16:00:00,"186,3"
28.03.2016 16:00:00,"186,43"
29.03.2016 16:00:00,"188,22"
30.03.2016 16:00:00,"189,01"
31.03.2016 16:00:00,"188,56"
01.04.2016 16:00:00,"189,77"
04.04.2016 16:00:00,"189,17"
05.04.2016 16:00:00,"187,25"
06.04.2016 16:00:00,"189,29"
07.04.2016 16:00:00,"187,06"
08.04.2016 16:00:00,"187,57"
11.04.2016 16:00:00,"187,08"
12.04.2016 16:00:00,"188,9"
13.04.2016 16:00:00,"190,79"
14.04.2016 16:00:00,"190,77"
15.04.2016 16:00:00,"190,56"
18.04.2016 16:00:00,"191,94"
19.04.2016 16:00:00,"192,52"
20.04.2016 16:00:00,"192,68"
21.04.2016 16:00:00,"191,61"
22.04.2016 16:00:00,"191,66"
25.04.2016 16:00:00,"191,35"
26.04.2016 16:00:00,"191,63"
27.04.2016 16:00:00,"192,03"
28.04.2016 16:00:00,"190,3"
29.04.2016 16:00:00,"189,22"
02.05.2016 16:00:00,"190,73"
03.05.2016 16:00:00,"189,1"
04.05.2016 16:00:00,"187,99"
05.05.2016 16:00:00,"187,97"
06.05.2016 16:00:00,"188,65"
09.05.2016 16:00:00,"188,85"
10.05.2016 16:00:00,"191,19"
11.05.2016 16:00:00,"189,4"
12.05.2016 16:00:00,"189,51"
13.05.2016 16:00:00,"187,76"
16.05.2016 16:00:00,"189,63"
17.05.2016 16:00:00,"187,96"
18.05.2016 16:00:00,"187,93"
19.05.2016 16:00:00,"187,32"
20.05.2016 16:00:00,"188,49"
23.05.2016 16:00:00,"188,24"
24.05.2016 16:00:00,"190,63"
25.05.2016 16:00:00,"191,93"
26.05.2016 16:00:00,"192,02"
27.05.2016 16:00:00,"192,77"
31.05.2016 16:00:00,"192,54"
01.06.2016 16:00:00,"192,9"
02.06.2016 16:00:00,"193,48"
03.06.2016 16:00:00,"192,92"
06.06.2016 16:00:00,"193,85"
07.06.2016 16:00:00,"194,2"
08.06.2016 16:00:00,"194,84"
09.06.2016 16:00:00,"194,54"
10.06.2016 16:00:00,"192,67"
13.06.2016 16:00:00,"191,22"
14.06.2016 16:00:00,"190,8"
15.06.2016 16:00:00,"190,52"
16.06.2016 16:00:00,"191,14"
17.06.2016 16:00:00,"190,43"
20.06.2016 16:00:00,"191,65"
21.06.2016 16:00:00,"191,24"
22.06.2016 16:00:00,"190,92"
23.06.2016 16:00:00,"193,39"
24.06.2016 16:00:00,"186,56"
27.06.2016 16:00:00,"183,05"
28.06.2016 16:00:00,"186,43"
29.06.2016 16:00:00,"189,64"
30.06.2016 16:00:00,"192,2"
01.07.2016 16:00:00,"192,6"
05.07.2016 16:00:00,"191,25"
06.07.2016 16:00:00,"192,38"
07.07.2016 16:00:00,"192,25"
08.07.2016 16:00:00,"195,17"
11.07.2016 16:00:00,"195,85"
12.07.2016 16:00:00,"197,23"
13.07.2016 16:00:00,"197,16"
14.07.2016 16:00:00,"198,31"
15.07.2016 16:00:00,"198,01"
18.07.2016 16:00:00,"198,58"
19.07.2016 16:00:00,"198,36"
20.07.2016 16:00:00,"199,16"
21.07.2016 16:00:00,"198,41"
22.07.2016 16:00:00,"199,33"
25.07.2016 16:00:00,"198,85"
26.07.2016 16:00:00,"198,84"
27.07.2016 16:00:00,"198,71"
28.07.2016 16:00:00,"198,93"
29.07.2016 16:00:00,"199,28"
01.08.2016 16:00:00,"199,05"
02.08.2016 16:00:00,"197,81"
03.08.2016 16:00:00,"198,38"
04.08.2016 16:00:00,"198,57"
05.08.2016 16:00:00,"200,17"
08.08.2016 16:00:00,"200,07"
09.08.2016 16:00:00,"200,2"
10.08.2016 16:00:00,"199,69"
11.08.2016 16:00:00,"200,67"
12.08.2016 16:00:00,"200,47"
15.08.2016 16:00:00,"201,05"
16.08.2016 16:00:00,"200,01"
17.08.2016 16:00:00,"200,34"
18.08.2016 16:00:00,"200,82"
19.08.2016 16:00:00,"200,54"
22.08.2016 16:00:00,"200,52"
23.08.2016 16:00:00,"200,89"
24.08.2016 16:00:00,"199,92"
25.08.2016 16:00:00,"199,76"
26.08.2016 16:00:00,"199,38"
29.08.2016 16:00:00,"200,39"
30.08.2016 16:00:00,"200,01"
31.08.2016 16:00:00,"199,52"
01.09.2016 16:00:00,"199,48"
02.09.2016 16:00:00,"200,37"
06.09.2016 16:00:00,201
07.09.2016 16:00:00,"200,99"
08.09.2016 16:00:00,"200,52"
09.09.2016 16:00:00,"195,68"
12.09.2016 16:00:00,"198,48"
13.09.2016 16:00:00,"194,78"
14.09.2016 16:00:00,"194,66"
15.09.2016 16:00:00,"196,66"
16.09.2016 16:00:00,"195,89"
19.09.2016 16:00:00,"195,95"
20.09.2016 16:00:00,"195,97"
21.09.2016 16:00:00,"198,17"
22.09.2016 16:00:00,"199,36"
23.09.2016 16:00:00,"198,29"
26.09.2016 16:00:00,"196,71"
27.09.2016 16:00:00,"197,91"
28.09.2016 16:00:00,"198,98"
29.09.2016 16:00:00,"197,11"
30.09.2016 16:00:00,"198,69"
03.10.2016 16:00:00,"198,06"
04.10.2016 16:00:00,"197,14"
05.10.2016 16:00:00,"197,96"
06.10.2016 16:00:00,"198,19"
07.10.2016 16:00:00,"197,46"
10.10.2016 16:00:00,"198,37"
11.10.2016 16:00:00,"195,96"
12.10.2016 16:00:00,"196,21"
13.10.2016 16:00:00,"195,58"
14.10.2016 16:00:00,"195,63"
17.10.2016 16:00:00,"195,05"
18.10.2016 16:00:00,"196,2"
19.10.2016 16:00:00,"196,74"
20.10.2016 16:00:00,"196,42"
21.10.2016 16:00:00,"196,47"
24.10.2016 16:00:00,"197,27"
25.10.2016 16:00:00,"196,71"
26.10.2016 16:00:00,"196,27"
27.10.2016 16:00:00,"195,75"
28.10.2016 16:00:00,"195,13"
31.10.2016 16:00:00,"195,13"
01.11.2016 16:00:00,"193,77"
02.11.2016 16:00:00,"192,49"
03.11.2016 16:00:00,"191,74"
04.11.2016 16:00:00,"191,48"
07.11.2016 16:00:00,"195,68"
08.11.2016 16:00:00,"196,58"
09.11.2016 16:00:00,"198,68"
10.11.2016 16:00:00,"199,14"
11.11.2016 16:00:00,"198,77"
14.11.2016 16:00:00,"198,8"
15.11.2016 16:00:00,"200,41"
16.11.2016 16:00:00,"200,07"
17.11.2016 16:00:00,"201,02"
18.11.2016 16:00:00,"200,66"
21.11.2016 16:00:00,"202,14"
22.11.2016 16:00:00,"202,51"
23.11.2016 16:00:00,"202,69"
25.11.2016 16:00:00,"203,5"
28.11.2016 16:00:00,"202,54"
29.11.2016 16:00:00,"202,86"
30.11.2016 16:00:00,"202,4"
01.12.2016 16:00:00,"201,61"
02.12.2016 16:00:00,"201,75"
05.12.2016 16:00:00,"202,91"
06.12.2016 16:00:00,"203,62"
07.12.2016 16:00:00,"206,2"
08.12.2016 16:00:00,"206,74"
09.12.2016 16:00:00,208
12.12.2016 16:00:00,"207,77"
13.12.2016 16:00:00,"209,19"
14.12.2016 16:00:00,"207,46"
15.12.2016 16:00:00,"208,23"
16.12.2016 16:00:00,"207,87"
19.12.2016 16:00:00,"208,34"
20.12.2016 16:00:00,"209,14"
21.12.2016 16:00:00,"208,57"
22.12.2016 16:00:00,"207,01"
23.12.2016 16:00:00,"207,19"
27.12.2016 16:00:00,"207,7"
28.12.2016 16:00:00,"206,06"
29.12.2016 16:00:00,"206,02"
30.12.2016 16:00:00,"205,31"
03.01.2017 16:00:00,"206,74"
04.01.2017 16:00:00,"207,96"
05.01.2017 16:00:00,"207,8"
06.01.2017 16:00:00,"208,61"
09.01.2017 16:00:00,"207,95"
10.01.2017 16:00:00,"207,92"
11.01.2017 16:00:00,"208,51"
12.01.2017 16:00:00,"208,05"
13.01.2017 16:00:00,"208,46"
17.01.2017 16:00:00,"207,72"
18.01.2017 16:00:00,"208,16"
19.01.2017 16:00:00,"207,46"
20.01.2017 16:00:00,"208,13"
23.01.2017 16:00:00,"207,65"
24.01.2017 16:00:00,"208,97"
25.01.2017 16:00:00,"210,71"
26.01.2017 16:00:00,"210,55"
27.01.2017 16:00:00,"210,25"
30.01.2017 16:00:00,"208,98"
31.01.2017 16:00:00,"208,97"
01.02.2017 16:00:00,209
02.02.2017 16:00:00,"209,09"
03.02.2017 16:00:00,"210,64"
06.02.2017 16:00:00,"210,2"
07.02.2017 16:00:00,"210,25"
08.02.2017 16:00:00,"210,52"
09.02.2017 16:00:00,"211,72"
10.02.2017 16:00:00,"212,57"
13.02.2017 16:00:00,"213,7"
14.02.2017 16:00:00,"214,59"
15.02.2017 16:00:00,"215,68"
16.02.2017 16:00:00,"215,51"
17.02.2017 16:00:00,"215,84"
21.02.2017 16:00:00,"217,11"
22.02.2017 16:00:00,"217,01"
23.02.2017 16:00:00,"217,13"
24.02.2017 16:00:00,"217,39"
27.02.2017 16:00:00,"217,71"
28.02.2017 16:00:00,"217,07"
01.03.2017 16:00:00,"220,15"
02.03.2017 16:00:00,"218,86"
03.03.2017 16:00:00,"218,98"
06.03.2017 16:00:00,"218,3"
07.03.2017 16:00:00,"217,64"
08.03.2017 16:00:00,"217,18"
09.03.2017 16:00:00,"217,41"
10.03.2017 16:00:00,"218,17"
13.03.2017 16:00:00,"218,3"
14.03.2017 16:00:00,"217,56"
15.03.2017 16:00:00,"219,37"
16.03.2017 16:00:00,219
17.03.2017 16:00:00,"218,56"
20.03.2017 16:00:00,"218,33"
21.03.2017 16:00:00,"215,58"
22.03.2017 16:00:00,"215,02"
23.03.2017 16:00:00,"214,8"
24.03.2017 16:00:00,"214,73"
27.03.2017 16:00:00,"214,38"
28.03.2017 16:00:00,"215,97"
29.03.2017 16:00:00,"216,29"
30.03.2017 16:00:00,"216,87"
31.03.2017 16:00:00,"216,35"
03.04.2017 16:00:00,"216,08"
04.04.2017 16:00:00,"216,2"
05.04.2017 16:00:00,"215,54"
06.04.2017 16:00:00,"216,1"
07.04.2017 16:00:00,"215,91"
10.04.2017 16:00:00,"216,06"
11.04.2017 16:00:00,"215,79"
12.04.2017 16:00:00,"214,9"
13.04.2017 16:00:00,"213,47"
17.04.2017 16:00:00,"215,34"
18.04.2017 16:00:00,"214,75"
19.04.2017 16:00:00,"214,28"
20.04.2017 16:00:00,"216,03"
21.04.2017 16:00:00,"215,4"
24.04.2017 16:00:00,"217,7"
25.04.2017 16:00:00,"219,01"
26.04.2017 16:00:00,"218,85"
27.04.2017 16:00:00,"219,02"
28.04.2017 16:00:00,"218,6"
01.05.2017 16:00:00,"219,13"
02.05.2017 16:00:00,"219,2"
03.05.2017 16:00:00,"218,98"
04.05.2017 16:00:00,"219,18"
05.05.2017 16:00:00,"220,06"
08.05.2017 16:00:00,"220,07"
09.05.2017 16:00:00,"219,79"
10.05.2017 16:00:00,"220,2"
11.05.2017 16:00:00,"219,75"
12.05.2017 16:00:00,"219,41"
15.05.2017 16:00:00,"220,52"
16.05.2017 16:00:00,"220,48"
17.05.2017 16:00:00,"216,57"
18.05.2017 16:00:00,"217,36"
19.05.2017 16:00:00,"218,71"
22.05.2017 16:00:00,"219,93"
23.05.2017 16:00:00,"220,36"
24.05.2017 16:00:00,"220,89"
25.05.2017 16:00:00,"221,92"
26.05.2017 16:00:00,"221,93"
30.05.2017 16:00:00,"221,72"
31.05.2017 16:00:00,"221,67"
01.06.2017 16:00:00,"223,4"
02.06.2017 16:00:00,"224,1"
05.06.2017 16:00:00,"223,95"
06.06.2017 16:00:00,"223,31"
07.06.2017 16:00:00,"223,68"
08.06.2017 16:00:00,"223,76"
09.06.2017 16:00:00,"223,5"
12.06.2017 16:00:00,"223,41"
13.06.2017 16:00:00,"224,5"
14.06.2017 16:00:00,"224,26"
15.06.2017 16:00:00,"223,81"
16.06.2017 16:00:00,"223,87"
19.06.2017 16:00:00,"225,7"
20.06.2017 16:00:00,"224,22"
21.06.2017 16:00:00,"224,13"
22.06.2017 16:00:00,224
23.06.2017 16:00:00,"223,37"
26.06.2017 16:00:00,"223,44"
27.06.2017 16:00:00,"221,66"
28.06.2017 16:00:00,"223,62"
29.06.2017 16:00:00,"221,69"
30.06.2017 16:00:00,"222,06"
03.07.2017 16:00:00,"222,55"
05.07.2017 16:00:00,"222,94"
06.07.2017 16:00:00,"220,94"
07.07.2017 16:00:00,"222,34"
10.07.2017 16:00:00,"222,57"
11.07.2017 16:00:00,"222,4"
12.07.2017 16:00:00,"224,07"
13.07.2017 16:00:00,"224,45"
14.07.2017 16:00:00,"225,47"
17.07.2017 16:00:00,"225,5"
18.07.2017 16:00:00,"225,67"
19.07.2017 16:00:00,"226,86"
20.07.2017 16:00:00,"226,93"
21.07.2017 16:00:00,"226,77"
24.07.2017 16:00:00,"226,69"
25.07.2017 16:00:00,"227,23"
26.07.2017 16:00:00,"227,3"
27.07.2017 16:00:00,"227,03"
28.07.2017 16:00:00,"226,77"
31.07.2017 16:00:00,"226,64"
01.08.2017 16:00:00,"227,15"
02.08.2017 16:00:00,"227,28"
03.08.2017 16:00:00,"226,88"
04.08.2017 16:00:00,"227,26"
07.08.2017 16:00:00,"227,63"
08.08.2017 16:00:00,"227,18"
09.08.2017 16:00:00,"227,05"
10.08.2017 16:00:00,"223,93"
11.08.2017 16:00:00,"224,23"
14.08.2017 16:00:00,"226,43"
15.08.2017 16:00:00,"226,45"
16.08.2017 16:00:00,"226,81"
17.08.2017 16:00:00,"223,28"
18.08.2017 16:00:00,"222,87"
21.08.2017 16:00:00,"223,14"
22.08.2017 16:00:00,"225,4"
23.08.2017 16:00:00,"224,63"
24.08.2017 16:00:00,"224,11"
25.08.2017 16:00:00,"224,6"
28.08.2017 16:00:00,"224,68"
29.08.2017 16:00:00,"224,85"
30.08.2017 16:00:00,"225,97"
31.08.2017 16:00:00,"227,3"
01.09.2017 16:00:00,"227,69"
05.09.2017 16:00:00,"226,01"
06.09.2017 16:00:00,"226,8"
07.09.2017 16:00:00,"226,75"
08.09.2017 16:00:00,"226,4"
11.09.2017 16:00:00,"228,87"
12.09.2017 16:00:00,"229,71"
13.09.2017 16:00:00,"229,85"
14.09.2017 16:00:00,"229,77"
15.09.2017 16:00:00,"230,09"
18.09.2017 16:00:00,"230,49"
19.09.2017 16:00:00,"230,77"
20.09.2017 16:00:00,"229,72"
21.09.2017 16:00:00,"229,07"
22.09.2017 16:00:00,"229,04"
25.09.2017 16:00:00,"228,7"
26.09.2017 16:00:00,"228,78"
27.09.2017 16:00:00,"229,67"
28.09.2017 16:00:00,"229,94"
29.09.2017 16:00:00,"230,76"
02.10.2017 16:00:00,"231,73"
03.10.2017 16:00:00,"232,2"
04.10.2017 16:00:00,"232,52"
05.10.2017 16:00:00,"233,9"
06.10.2017 16:00:00,"233,68"
09.10.2017 16:00:00,"233,27"
10.10.2017 16:00:00,"233,86"
11.10.2017 16:00:00,"234,24"
12.10.2017 16:00:00,"233,88"
13.10.2017 16:00:00,"234,14"
16.10.2017 16:00:00,"234,51"
17.10.2017 16:00:00,"234,66"
18.10.2017 16:00:00,"234,87"
19.10.2017 16:00:00,"234,99"
20.10.2017 16:00:00,"236,16"
23.10.2017 16:00:00,"235,3"
24.10.2017 16:00:00,"235,63"
25.10.2017 16:00:00,"234,5"
26.10.2017 16:00:00,"234,72"
27.10.2017 16:00:00,"236,72"
30.10.2017 16:00:00,"235,86"
31.10.2017 16:00:00,"236,13"
01.11.2017 16:00:00,"236,54"
02.11.2017 16:00:00,"236,64"
03.11.2017 16:00:00,"237,43"
06.11.2017 16:00:00,"237,79"
07.11.2017 16:00:00,"237,69"
08.11.2017 16:00:00,"238,04"
09.11.2017 16:00:00,"237,18"
10.11.2017 16:00:00,"237,04"
13.11.2017 16:00:00,"237,32"
14.11.2017 16:00:00,"236,74"
15.11.2017 16:00:00,"235,53"
16.11.2017 16:00:00,"237,54"
17.11.2017 16:00:00,"236,9"
20.11.2017 16:00:00,"237,21"
21.11.2017 16:00:00,"238,79"
22.11.2017 16:00:00,"238,62"
24.11.2017 16:00:00,"239,12"
27.11.2017 16:00:00,"239,05"
28.11.2017 16:00:00,"241,42"
29.11.2017 16:00:00,"241,33"
30.11.2017 16:00:00,"243,35"
01.12.2017 16:00:00,"242,9"
04.12.2017 16:00:00,"242,64"
05.12.2017 16:00:00,"241,78"
06.12.2017 16:00:00,"241,77"
07.12.2017 16:00:00,"242,57"
08.12.2017 16:00:00,"243,89"
11.12.2017 16:00:00,"244,68"
12.12.2017 16:00:00,"245,1"
13.12.2017 16:00:00,"245,04"
14.12.2017 16:00:00,"244,07"
15.12.2017 16:00:00,"246,12"
18.12.2017 16:00:00,"247,65"
19.12.2017 16:00:00,"246,75"
20.12.2017 16:00:00,"246,56"
21.12.2017 16:00:00,"247,06"
22.12.2017 16:00:00,"247,01"
26.12.2017 16:00:00,"245,54"
27.12.2017 16:00:00,"245,68"
28.12.2017 16:00:00,"246,14"
29.12.2017 16:00:00,"245,29"
02.01.2018 16:00:00,"247,09"
03.01.2018 16:00:00,"248,56"
04.01.2018 16:00:00,"249,65"
05.01.2018 16:00:00,"251,25"
08.01.2018 16:00:00,"251,77"
09.01.2018 16:00:00,"252,3"
10.01.2018 16:00:00,"251,87"
11.01.2018 16:00:00,"253,73"
12.01.2018 16:00:00,"255,41"
16.01.2018 16:00:00,"254,48"
17.01.2018 16:00:00,"256,94"
18.01.2018 16:00:00,"256,59"
19.01.2018 16:00:00,"257,68"
22.01.2018 16:00:00,"259,75"
23.01.2018 16:00:00,"260,34"
24.01.2018 16:00:00,"260,21"
25.01.2018 16:00:00,"260,33"
26.01.2018 16:00:00,"263,36"
29.01.2018 16:00:00,"261,54"
30.01.2018 16:00:00,"258,75"
31.01.2018 16:00:00,"258,99"
01.02.2018 16:00:00,"258,73"
02.02.2018 16:00:00,"253,19"
05.02.2018 16:00:00,"242,79"
06.02.2018 16:00:00,"247,28"
07.02.2018 16:00:00,"245,93"
08.02.2018 16:00:00,"236,79"
09.02.2018 16:00:00,"240,44"
12.02.2018 16:00:00,"243,74"
13.02.2018 16:00:00,"244,56"
14.02.2018 16:00:00,"247,76"
15.02.2018 16:00:00,"250,97"
16.02.2018 16:00:00,"250,94"
20.02.2018 16:00:00,"249,42"
21.02.2018 16:00:00,"248,11"
22.02.2018 16:00:00,"248,41"
23.02.2018 16:00:00,"252,49"
26.02.2018 16:00:00,"255,4"
27.02.2018 16:00:00,"252,14"
28.02.2018 16:00:00,"249,34"
01.03.2018 16:00:00,"246,05"
02.03.2018 16:00:00,"247,36"
05.03.2018 16:00:00,"250,2"
06.03.2018 16:00:00,"250,83"
07.03.2018 16:00:00,"250,72"
08.03.2018 16:00:00,"251,89"
09.03.2018 16:00:00,"256,25"
12.03.2018 16:00:00,256
13.03.2018 16:00:00,"254,31"
14.03.2018 16:00:00,"252,97"
15.03.2018 16:00:00,"252,73"
16.03.2018 16:00:00,"252,99"
19.03.2018 16:00:00,"249,61"
20.03.2018 16:00:00,"250,05"
21.03.2018 16:00:00,"249,47"
22.03.2018 16:00:00,"243,27"
23.03.2018 16:00:00,"238,09"
26.03.2018 16:00:00,"243,53"
27.03.2018 16:00:00,"239,31"
28.03.2018 16:00:00,"238,64"
29.03.2018 16:00:00,"242,08"
02.04.2018 16:00:00,"236,48"
03.04.2018 16:00:00,"239,48"
04.04.2018 16:00:00,"242,24"
05.04.2018 16:00:00,"243,99"
06.04.2018 16:00:00,"238,62"
09.04.2018 16:00:00,"239,59"
10.04.2018 16:00:00,"243,54"
11.04.2018 16:00:00,"242,25"
12.04.2018 16:00:00,"244,28"
13.04.2018 16:00:00,"243,6"
16.04.2018 16:00:00,"245,58"
17.04.2018 16:00:00,"248,22"
18.04.2018 16:00:00,"248,36"
19.04.2018 16:00:00,247
20.04.2018 16:00:00,245
23.04.2018 16:00:00,"244,89"
24.04.2018 16:00:00,"241,55"
25.04.2018 16:00:00,"242,17"
26.04.2018 16:00:00,"244,66"
27.04.2018 16:00:00,"244,92"
30.04.2018 16:00:00,"242,92"
01.05.2018 16:00:00,"243,44"
02.05.2018 16:00:00,"241,78"
03.05.2018 16:00:00,"241,21"
04.05.2018 16:00:00,"244,41"
07.05.2018 16:00:00,"245,17"
08.05.2018 16:00:00,"245,16"
09.05.2018 16:00:00,"247,54"
10.05.2018 16:00:00,"249,86"
11.05.2018 16:00:00,"250,47"
14.05.2018 16:00:00,"250,75"
15.05.2018 16:00:00,"249,03"
16.05.2018 16:00:00,"250,09"
17.05.2018 16:00:00,"249,88"
18.05.2018 16:00:00,"249,26"
21.05.2018 16:00:00,"251,09"
22.05.2018 16:00:00,"250,37"
23.05.2018 16:00:00,"251,15"
24.05.2018 16:00:00,"250,67"
25.05.2018 16:00:00,"250,04"
29.05.2018 16:00:00,"247,15"
30.05.2018 16:00:00,"250,41"
31.05.2018 16:00:00,"248,79"
01.06.2018 16:00:00,"251,41"
04.06.2018 16:00:00,"252,52"
05.06.2018 16:00:00,"252,87"
06.06.2018 16:00:00,"254,89"
07.06.2018 16:00:00,"254,77"
08.06.2018 16:00:00,"255,57"
11.06.2018 16:00:00,"255,9"
12.06.2018 16:00:00,"256,33"
13.06.2018 16:00:00,"255,31"
14.06.2018 16:00:00,"256,05"
15.06.2018 16:00:00,"255,83"
18.06.2018 16:00:00,"255,22"
19.06.2018 16:00:00,"254,25"
20.06.2018 16:00:00,"254,71"
21.06.2018 16:00:00,"253,12"
22.06.2018 16:00:00,"253,57"
25.06.2018 16:00:00,"250,06"
26.06.2018 16:00:00,"250,61"
27.06.2018 16:00:00,"248,53"
28.06.2018 16:00:00,"248,88"
29.06.2018 16:00:00,"249,51"
02.07.2018 16:00:00,"249,8"
03.07.2018 13:00:00,"248,79"
05.07.2018 16:00:00,"250,92"
06.07.2018 16:00:00,"253,01"
09.07.2018 16:00:00,"255,25"
10.07.2018 16:00:00,"256,14"
11.07.2018 16:00:00,"254,39"
12.07.2018 16:00:00,"256,57"
13.07.2018 16:00:00,"256,79"
16.07.2018 16:00:00,"256,63"
17.07.2018 16:00:00,"257,73"
18.07.2018 16:00:00,"258,2"
19.07.2018 16:00:00,"257,22"
20.07.2018 16:00:00,"256,98"
23.07.2018 16:00:00,"257,47"
24.07.2018 16:00:00,"258,68"
25.07.2018 16:00:00,"261,05"
26.07.2018 16:00:00,"260,28"
27.07.2018 16:00:00,"258,59"
30.07.2018 16:00:00,"257,1"
31.07.2018 16:00:00,"258,4"
01.08.2018 16:00:00,"258,08"
02.08.2018 16:00:00,"259,39"
03.08.2018 16:00:00,"260,66"
06.08.2018 16:00:00,"261,64"
07.08.2018 16:00:00,"262,37"
08.08.2018 16:00:00,"262,23"
09.08.2018 16:00:00,"261,9"
10.08.2018 16:00:00,"260,12"
13.08.2018 16:00:00,"259,14"
14.08.2018 16:00:00,"260,81"
15.08.2018 16:00:00,"258,89"
16.08.2018 16:00:00,"260,99"
17.08.2018 16:00:00,"261,86"
20.08.2018 16:00:00,"262,44"
21.08.2018 16:00:00,"263,01"
22.08.2018 16:00:00,"262,93"
23.08.2018 16:00:00,"262,55"
24.08.2018 16:00:00,"264,2"
27.08.2018 16:00:00,"266,19"
28.08.2018 16:00:00,"266,34"
29.08.2018 16:00:00,"267,8"
30.08.2018 16:00:00,"266,71"
31.08.2018 16:00:00,"266,72"
04.09.2018 16:00:00,"266,35"
05.09.2018 16:00:00,"265,6"
06.09.2018 16:00:00,"264,82"
07.09.2018 16:00:00,"264,18"
10.09.2018 16:00:00,"264,68"
11.09.2018 16:00:00,"265,68"
12.09.2018 16:00:00,"265,71"
13.09.2018 16:00:00,"267,22"
14.09.2018 16:00:00,"267,36"
17.09.2018 16:00:00,"265,85"
18.09.2018 16:00:00,"267,3"
19.09.2018 16:00:00,"267,6"
20.09.2018 16:00:00,"269,75"
21.09.2018 16:00:00,"269,56"
24.09.2018 16:00:00,"268,66"
25.09.2018 16:00:00,"268,33"
26.09.2018 16:00:00,"266,34"
27.09.2018 16:00:00,"267,08"
28.09.2018 16:00:00,"267,05"
01.10.2018 16:00:00,"268,04"
02.10.2018 16:00:00,"268,01"
03.10.2018 16:00:00,"268,24"
04.10.2018 16:00:00,"266,04"
05.10.2018 16:00:00,"264,54"
08.10.2018 16:00:00,"264,47"
09.10.2018 16:00:00,"264,13"
10.10.2018 16:00:00,"255,6"
11.10.2018 16:00:00,"250,22"
12.10.2018 16:00:00,"253,6"
15.10.2018 16:00:00,"252,21"
16.10.2018 16:00:00,"257,58"
17.10.2018 16:00:00,"257,67"
18.10.2018 16:00:00,"254,05"
19.10.2018 16:00:00,"253,85"
22.10.2018 16:00:00,"252,8"
23.10.2018 16:00:00,"251,28"
24.10.2018 16:00:00,"243,78"
25.10.2018 16:00:00,"248,15"
26.10.2018 16:00:00,"243,76"
29.10.2018 16:00:00,"242,5"
30.10.2018 16:00:00,"246,21"
31.10.2018 16:00:00,"248,79"
01.11.2018 16:00:00,"251,37"
02.11.2018 16:00:00,"249,81"
05.11.2018 16:00:00,"251,23"
06.11.2018 16:00:00,"252,82"
07.11.2018 16:00:00,"258,16"
08.11.2018 16:00:00,"257,72"
09.11.2018 16:00:00,"255,34"
12.11.2018 16:00:00,"250,41"
13.11.2018 16:00:00,"249,99"
14.11.2018 16:00:00,"248,28"
15.11.2018 16:00:00,"250,85"
16.11.2018 16:00:00,"251,49"
19.11.2018 16:00:00,"247,32"
20.11.2018 16:00:00,"242,77"
21.11.2018 16:00:00,"243,58"
23.11.2018 13:00:00,"242,01"
26.11.2018 16:00:00,"245,8"
27.11.2018 16:00:00,"246,57"
28.11.2018 16:00:00,"252,33"
29.11.2018 16:00:00,"251,81"
30.11.2018 16:00:00,"253,48"
03.12.2018 16:00:00,"256,61"
04.12.2018 16:00:00,"248,65"
06.12.2018 16:00:00,"248,02"
07.12.2018 16:00:00,"242,26"
10.12.2018 16:00:00,"242,55"
11.12.2018 16:00:00,"242,62"
12.12.2018 16:00:00,"243,96"
13.12.2018 16:00:00,"243,88"
14.12.2018 16:00:00,"239,38"
17.12.2018 16:00:00,"233,23"
18.12.2018 16:00:00,"233,14"
19.12.2018 16:00:00,"229,42"
20.12.2018 16:00:00,"225,65"
21.12.2018 16:00:00,"221,16"
24.12.2018 13:00:00,"215,07"
26.12.2018 16:00:00,"225,95"
27.12.2018 16:00:00,"228,05"
28.12.2018 16:00:00,"227,76"
31.12.2018 16:00:00,"229,81"
02.01.2019 16:00:00,"229,99"
03.01.2019 16:00:00,"224,5"
04.01.2019 16:00:00,"231,91"
07.01.2019 16:00:00,"233,65"
08.01.2019 16:00:00,"235,92"
09.01.2019 16:00:00,"237,01"
10.01.2019 16:00:00,238
11.01.2019 16:00:00,"237,89"
14.01.2019 16:00:00,"236,58"
15.01.2019 16:00:00,"239,35"
16.01.2019 16:00:00,"239,88"
17.01.2019 16:00:00,"241,67"
18.01.2019 16:00:00,"244,92"
22.01.2019 16:00:00,"241,66"
23.01.2019 16:00:00,"242,02"
24.01.2019 16:00:00,"242,26"
25.01.2019 16:00:00,"244,32"
28.01.2019 16:00:00,"242,43"
29.01.2019 16:00:00,"242,13"
30.01.2019 16:00:00,"245,96"
31.01.2019 16:00:00,"248,01"
01.02.2019 16:00:00,"248,22"
04.02.2019 16:00:00,"249,99"
05.02.2019 16:00:00,"251,1"
06.02.2019 16:00:00,"250,79"
07.02.2019 16:00:00,"248,33"
08.02.2019 16:00:00,"248,65"
11.02.2019 16:00:00,"248,78"
12.02.2019 16:00:00,252
13.02.2019 16:00:00,"252,76"
14.02.2019 16:00:00,"252,2"
15.02.2019 16:00:00,"254,98"
19.02.2019 16:00:00,"255,42"
20.02.2019 16:00:00,"256,01"
21.02.2019 16:00:00,"255,08"
22.02.2019 16:00:00,"256,61"
25.02.2019 16:00:00,"256,99"
26.02.2019 16:00:00,"256,8"
27.02.2019 16:00:00,"256,67"
28.02.2019 16:00:00,"256,07"
01.03.2019 16:00:00,"257,83"
04.03.2019 16:00:00,"256,84"
05.03.2019 16:00:00,"256,54"
06.03.2019 16:00:00,"254,9"
07.03.2019 16:00:00,"252,85"
08.03.2019 16:00:00,"252,34"
11.03.2019 16:00:00,"256,02"
12.03.2019 16:00:00,"256,93"
13.03.2019 16:00:00,"258,68"
14.03.2019 16:00:00,"258,59"
15.03.2019 16:00:00,"259,85"
18.03.2019 16:00:00,"260,78"
19.03.2019 16:00:00,"260,86"
20.03.2019 16:00:00,"259,93"
21.03.2019 16:00:00,"261,43"
22.03.2019 16:00:00,"256,46"
25.03.2019 16:00:00,"256,23"
26.03.2019 16:00:00,"258,08"
27.03.2019 16:00:00,"256,88"
28.03.2019 16:00:00,"257,88"
29.03.2019 16:00:00,"259,54"
01.04.2019 16:00:00,"262,53"
02.04.2019 16:00:00,"262,62"
03.04.2019 16:00:00,"263,11"
04.04.2019 16:00:00,"263,74"
05.04.2019 16:00:00,"265,01"
08.04.2019 16:00:00,"265,24"
09.04.2019 16:00:00,"263,83"
10.04.2019 16:00:00,"264,74"
11.04.2019 16:00:00,"264,69"
12.04.2019 16:00:00,"266,48"
15.04.2019 16:00:00,"266,3"
16.04.2019 16:00:00,"266,49"
17.04.2019 16:00:00,"265,84"
18.04.2019 16:00:00,"266,34"
22.04.2019 16:00:00,"266,6"
23.04.2019 16:00:00,"268,9"
24.04.2019 16:00:00,"268,37"
25.04.2019 16:00:00,"268,27"
26.04.2019 16:00:00,"269,5"
29.04.2019 16:00:00,"269,84"
30.04.2019 16:00:00,"270,01"
01.05.2019 16:00:00,"268,04"
02.05.2019 16:00:00,"267,51"
03.05.2019 16:00:00,"270,05"
06.05.2019 16:00:00,"268,98"
07.05.2019 16:00:00,"264,62"
08.05.2019 16:00:00,"264,1"
09.05.2019 16:00:00,"263,29"
10.05.2019 16:00:00,"264,52"
13.05.2019 16:00:00,"258,03"
14.05.2019 16:00:00,"260,27"
15.05.2019 16:00:00,"261,81"
16.05.2019 16:00:00,"264,21"
17.05.2019 16:00:00,"262,61"
20.05.2019 16:00:00,"260,82"
21.05.2019 16:00:00,"263,03"
22.05.2019 16:00:00,"262,31"
23.05.2019 16:00:00,"259,24"
24.05.2019 16:00:00,"259,69"
28.05.2019 16:00:00,"257,36"
29.05.2019 16:00:00,"255,59"
30.05.2019 16:00:00,"256,3"
31.05.2019 16:00:00,"252,87"
03.06.2019 16:00:00,"252,12"
04.06.2019 16:00:00,"257,67"
05.06.2019 16:00:00,"259,85"
06.06.2019 16:00:00,"261,54"
07.06.2019 16:00:00,"264,15"
10.06.2019 16:00:00,"265,39"
11.06.2019 16:00:00,"265,34"
12.06.2019 16:00:00,"264,84"
13.06.2019 16:00:00,"266,02"
14.06.2019 16:00:00,"265,62"
17.06.2019 16:00:00,"265,86"
18.06.2019 16:00:00,"268,51"
19.06.2019 16:00:00,"269,22"
20.06.2019 16:00:00,"271,73"
21.06.2019 16:00:00,"271,41"
24.06.2019 16:00:00,"271,06"
25.06.2019 16:00:00,"268,38"
26.06.2019 16:00:00,"268,12"
27.06.2019 16:00:00,"267,67"
28.06.2019 16:00:00,"269,15"
01.07.2019 16:00:00,"271,44"
02.07.2019 16:00:00,"272,23"
03.07.2019 13:00:00,"274,32"
05.07.2019 16:00:00,"273,97"
08.07.2019 16:00:00,"272,6"
09.07.2019 16:00:00,"272,94"
10.07.2019 16:00:00,"274,21"
11.07.2019 16:00:00,"274,76"
12.07.2019 16:00:00,"276,11"
15.07.2019 16:00:00,"276,18"
16.07.2019 16:00:00,"275,28"
17.07.2019 16:00:00,"273,42"
18.07.2019 16:00:00,"274,42"
19.07.2019 16:00:00,"272,95"
22.07.2019 16:00:00,"273,61"
23.07.2019 16:00:00,"275,49"
24.07.2019 16:00:00,"276,76"
25.07.2019 16:00:00,"275,41"
26.07.2019 16:00:00,"277,38"
29.07.2019 16:00:00,"276,88"
30.07.2019 16:00:00,"276,21"
31.07.2019 16:00:00,"273,08"
01.08.2019 16:00:00,"270,79"
02.08.2019 16:00:00,"268,81"
05.08.2019 16:00:00,"260,88"
06.08.2019 16:00:00,"264,24"
07.08.2019 16:00:00,"264,42"
08.08.2019 16:00:00,"269,58"
09.08.2019 16:00:00,"267,7"
12.08.2019 16:00:00,"264,56"
13.08.2019 16:00:00,"268,66"
14.08.2019 16:00:00,"260,57"
15.08.2019 16:00:00,"261,39"
16.08.2019 16:00:00,"265,22"
19.08.2019 16:00:00,"268,48"
20.08.2019 16:00:00,"266,4"
21.08.2019 16:00:00,"268,56"
22.08.2019 16:00:00,"268,46"
23.08.2019 16:00:00,"261,57"
26.08.2019 16:00:00,"264,47"
27.08.2019 16:00:00,"263,43"
28.08.2019 16:00:00,"265,26"
29.08.2019 16:00:00,"268,71"
30.08.2019 16:00:00,"268,6"
03.09.2019 16:00:00,"267,11"
04.09.2019 16:00:00,"269,97"
05.09.2019 16:00:00,"273,54"
06.09.2019 16:00:00,"273,74"
09.09.2019 16:00:00,"273,81"
10.09.2019 16:00:00,"273,87"
11.09.2019 16:00:00,"275,84"
12.09.2019 16:00:00,"276,65"
13.09.2019 16:00:00,"276,58"
16.09.2019 16:00:00,"275,67"
17.09.2019 16:00:00,"276,42"
18.09.2019 16:00:00,"276,59"
19.09.2019 16:00:00,"276,53"
20.09.2019 16:00:00,"275,05"
23.09.2019 16:00:00,"275,24"
24.09.2019 16:00:00,"272,96"
25.09.2019 16:00:00,"274,63"
26.09.2019 16:00:00,"272,79"
27.09.2019 16:00:00,"271,26"
30.09.2019 16:00:00,"272,6"
01.10.2019 16:00:00,"269,32"
02.10.2019 16:00:00,"264,57"
03.10.2019 16:00:00,"266,67"
04.10.2019 16:00:00,"270,37"
07.10.2019 16:00:00,"269,21"
08.10.2019 16:00:00,"265,03"
09.10.2019 16:00:00,"267,5"
10.10.2019 16:00:00,"269,32"
11.10.2019 16:00:00,"272,13"
14.10.2019 16:00:00,"271,88"
15.10.2019 16:00:00,"274,51"
16.10.2019 16:00:00,"274,08"
17.10.2019 16:00:00,"274,82"
18.10.2019 16:00:00,"273,69"
21.10.2019 16:00:00,"275,6"
22.10.2019 16:00:00,"274,63"
23.10.2019 16:00:00,"275,44"
24.10.2019 16:00:00,"275,89"
25.10.2019 16:00:00,"277,04"
28.10.2019 16:00:00,"278,65"
29.10.2019 16:00:00,"278,47"
30.10.2019 16:00:00,"279,45"
31.10.2019 16:00:00,"278,55"
01.11.2019 16:00:00,"281,2"
04.11.2019 16:00:00,"282,32"
05.11.2019 16:00:00,"281,96"
06.11.2019 16:00:00,"282,11"
07.11.2019 16:00:00,"283,11"
08.11.2019 16:00:00,"283,8"
11.11.2019 16:00:00,"283,25"
12.11.2019 16:00:00,"283,81"
13.11.2019 16:00:00,"283,93"
14.11.2019 16:00:00,"284,31"
15.11.2019 16:00:00,"286,43"
18.11.2019 16:00:00,"286,61"
19.11.2019 16:00:00,"286,47"
20.11.2019 16:00:00,"285,46"
21.11.2019 16:00:00,"285,02"
22.11.2019 16:00:00,"285,65"
25.11.2019 16:00:00,"287,82"
26.11.2019 16:00:00,"288,4"
27.11.2019 16:00:00,"289,76"
29.11.2019 13:00:00,"288,65"
02.12.2019 16:00:00,"286,3"
03.12.2019 16:00:00,"284,29"
04.12.2019 16:00:00,"286,11"
05.12.2019 16:00:00,"286,64"
06.12.2019 16:00:00,"289,19"
09.12.2019 16:00:00,"288,31"
10.12.2019 16:00:00,"288,04"
11.12.2019 16:00:00,"288,79"
12.12.2019 16:00:00,"291,33"
13.12.2019 16:00:00,"291,44"
16.12.2019 16:00:00,"293,5"
17.12.2019 16:00:00,"293,56"
18.12.2019 16:00:00,"293,58"
19.12.2019 16:00:00,"294,8"
20.12.2019 16:00:00,"296,3"
23.12.2019 16:00:00,"295,16"
24.12.2019 13:00:00,"295,16"
26.12.2019 16:00:00,"296,67"
27.12.2019 16:00:00,"296,67"
30.12.2019 16:00:00,"295,04"
31.12.2019 16:00:00,"295,8"
02.01.2020 16:00:00,"298,42"
03.01.2020 16:00:00,"296,24"
06.01.2020 16:00:00,"297,35"
07.01.2020 16:00:00,"296,53"
08.01.2020 16:00:00,"298,06"
09.01.2020 16:00:00,"300,12"
10.01.2020 16:00:00,"299,26"
13.01.2020 16:00:00,"301,24"
14.01.2020 16:00:00,"300,84"
15.01.2020 16:00:00,"301,51"
16.01.2020 16:00:00,"304,03"
17.01.2020 16:00:00,"305,06"
21.01.2020 16:00:00,"304,43"
22.01.2020 16:00:00,"304,51"
23.01.2020 16:00:00,"304,81"
24.01.2020 16:00:00,"302,03"
27.01.2020 16:00:00,"297,23"
28.01.2020 16:00:00,"300,45"
29.01.2020 16:00:00,"300,15"
30.01.2020 16:00:00,"301,09"
31.01.2020 16:00:00,"295,69"
03.02.2020 16:00:00,"297,84"
04.02.2020 16:00:00,"302,43"
05.02.2020 16:00:00,"305,85"
06.02.2020 16:00:00,"306,89"
07.02.2020 16:00:00,"305,33"
10.02.2020 16:00:00,"307,52"
11.02.2020 16:00:00,"308,08"
12.02.2020 16:00:00,"310,06"
13.02.2020 16:00:00,"309,76"
14.02.2020 16:00:00,"310,28"
18.02.2020 16:00:00,"309,43"
19.02.2020 16:00:00,"310,92"
20.02.2020 16:00:00,"309,7"
21.02.2020 16:00:00,"306,49"
24.02.2020 16:00:00,"296,24"
25.02.2020 16:00:00,"287,34"
26.02.2020 16:00:00,"286,07"
27.02.2020 16:00:00,"273,39"
28.02.2020 16:00:00,"271,74"
02.03.2020 16:00:00,"283,87"
03.03.2020 16:00:00,"276,04"
04.03.2020 16:00:00,"287,48"
05.03.2020 16:00:00,"277,85"
06.03.2020 16:00:00,"273,19"
09.03.2020 16:00:00,"252,11"
10.03.2020 16:00:00,"263,81"
11.03.2020 16:00:00,"250,73"
12.03.2020 16:00:00,"226,48"
13.03.2020 16:00:00,"247,64"
16.03.2020 16:00:00,"218,57"
17.03.2020 16:00:00,"232,88"
18.03.2020 16:00:00,"220,15"
19.03.2020 16:00:00,"220,34"
20.03.2020 16:00:00,"210,74"
23.03.2020 16:00:00,"204,27"
24.03.2020 16:00:00,"223,75"
25.03.2020 16:00:00,"226,62"
26.03.2020 16:00:00,"240,24"
27.03.2020 16:00:00,"232,86"
30.03.2020 16:00:00,"240,39"
31.03.2020 16:00:00,"236,82"
01.04.2020 16:00:00,"226,15"
02.04.2020 16:00:00,"231,44"
03.04.2020 16:00:00,"228,02"
06.04.2020 16:00:00,"243,53"
07.04.2020 16:00:00,"243,66"
08.04.2020 16:00:00,"251,93"
09.04.2020 16:00:00,"255,67"
13.04.2020 16:00:00,"253,19"
14.04.2020 16:00:00,"260,92"
15.04.2020 16:00:00,"255,24"
16.04.2020 16:00:00,"256,53"
17.04.2020 16:00:00,"263,61"
20.04.2020 16:00:00,"258,86"
21.04.2020 16:00:00,"250,95"
22.04.2020 16:00:00,"256,47"
23.04.2020 16:00:00,"256,42"
24.04.2020 16:00:00,"260,14"
27.04.2020 16:00:00,"263,9"
28.04.2020 16:00:00,"262,68"
29.04.2020 16:00:00,"269,45"
30.04.2020 16:00:00,"267,1"
01.05.2020 16:00:00,"259,82"
04.05.2020 16:00:00,"260,64"
05.05.2020 16:00:00,"263,04"
06.05.2020 16:00:00,"261,27"
07.05.2020 16:00:00,"264,36"
08.05.2020 16:00:00,"268,78"
11.05.2020 16:00:00,"268,82"
12.05.2020 16:00:00,"263,41"
13.05.2020 16:00:00,"258,74"
14.05.2020 16:00:00,"261,86"
15.05.2020 16:00:00,"263,04"
18.05.2020 16:00:00,"271,08"
19.05.2020 16:00:00,"268,52"
20.05.2020 16:00:00,"272,9"
21.05.2020 16:00:00,"270,94"
22.05.2020 16:00:00,"271,55"
26.05.2020 16:00:00,"275,04"
27.05.2020 16:00:00,"279,05"
28.05.2020 16:00:00,"278,5"
29.05.2020 16:00:00,"279,75"
01.06.2020 16:00:00,"280,97"
02.06.2020 16:00:00,"283,28"
03.06.2020 16:00:00,"287,02"
04.06.2020 16:00:00,"286,29"
05.06.2020 16:00:00,"293,61"
08.06.2020 16:00:00,"297,17"
09.06.2020 16:00:00,"295,06"
10.06.2020 16:00:00,"293,22"
11.06.2020 16:00:00,"276,32"
12.06.2020 16:00:00,"279,65"
15.06.2020 16:00:00,"282,2"
16.06.2020 16:00:00,"287,72"
17.06.2020 16:00:00,"286,4"
18.06.2020 16:00:00,"286,66"
19.06.2020 16:00:00,"284,97"
22.06.2020 16:00:00,"286,86"
23.06.2020 16:00:00,"288,16"
24.06.2020 16:00:00,"280,79"
25.06.2020 16:00:00,"283,76"
26.06.2020 16:00:00,"277,11"
29.06.2020 16:00:00,"279,7"
30.06.2020 16:00:00,"283,43"
01.07.2020 16:00:00,"285,37"
02.07.2020 16:00:00,"286,81"
06.07.2020 16:00:00,"291,26"
07.07.2020 16:00:00,"288,24"
08.07.2020 16:00:00,"290,38"
09.07.2020 16:00:00,"288,9"
10.07.2020 16:00:00,"291,8"
13.07.2020 16:00:00,"289,16"
14.07.2020 16:00:00,"293,03"
15.07.2020 16:00:00,"295,63"
16.07.2020 16:00:00,"294,77"
17.07.2020 16:00:00,"295,55"
20.07.2020 16:00:00,"298,01"
21.07.2020 16:00:00,"298,63"
22.07.2020 16:00:00,"300,33"
23.07.2020 16:00:00,"296,74"
24.07.2020 16:00:00,"294,82"
27.07.2020 16:00:00,"296,97"
28.07.2020 16:00:00,"295,13"
29.07.2020 16:00:00,"298,7"
30.07.2020 16:00:00,"297,61"
31.07.2020 16:00:00,"300,1"
03.08.2020 16:00:00,"301,99"
04.08.2020 16:00:00,"303,26"
05.08.2020 16:00:00,"305,15"
06.08.2020 16:00:00,"307,2"
07.08.2020 16:00:00,"307,36"
10.08.2020 16:00:00,"308,34"
11.08.2020 16:00:00,"305,85"
12.08.2020 16:00:00,"310,04"
13.08.2020 16:00:00,"309,51"
14.08.2020 16:00:00,"309,51"
17.08.2020 16:00:00,"310,51"
18.08.2020 16:00:00,"311,16"
19.08.2020 16:00:00,"309,84"
20.08.2020 16:00:00,"310,82"
21.08.2020 16:00:00,"311,93"
24.08.2020 16:00:00,"315,1"
25.08.2020 16:00:00,"316,2"
26.08.2020 16:00:00,"319,43"
27.08.2020 16:00:00,"320,07"
28.08.2020 16:00:00,"322,15"
31.08.2020 16:00:00,"321,02"
01.09.2020 16:00:00,"324,02"
02.09.2020 16:00:00,"328,74"
03.09.2020 16:00:00,"317,36"
04.09.2020 16:00:00,"314,82"
08.09.2020 16:00:00,"306,17"
09.09.2020 16:00:00,"312,21"
10.09.2020 16:00:00,"306,75"
11.09.2020 16:00:00,"306,98"
14.09.2020 16:00:00,"310,97"
15.09.2020 16:00:00,"312,57"
16.09.2020 16:00:00,"311,31"
17.09.2020 16:00:00,"308,59"
18.09.2020 16:00:00,305
21.09.2020 16:00:00,"301,69"
22.09.2020 16:00:00,"304,74"
23.09.2020 16:00:00,"297,68"
24.09.2020 16:00:00,"298,5"
25.09.2020 16:00:00,"303,28"
28.09.2020 16:00:00,"308,36"
29.09.2020 16:00:00,"305,3"
30.09.2020 16:00:00,"307,65"
01.10.2020 16:00:00,"309,6"
02.10.2020 16:00:00,"306,72"
05.10.2020 16:00:00,"312,08"
06.10.2020 16:00:00,"307,72"
07.10.2020 16:00:00,313
08.10.2020 16:00:00,"315,77"
09.10.2020 16:00:00,"318,58"
12.10.2020 16:00:00,"323,72"
13.10.2020 16:00:00,"321,65"
14.10.2020 16:00:00,"319,64"
15.10.2020 16:00:00,"319,26"
16.10.2020 16:00:00,"318,99"
19.10.2020 16:00:00,"314,17"
20.10.2020 16:00:00,"315,41"
21.10.2020 16:00:00,"314,84"
22.10.2020 16:00:00,"316,57"
23.10.2020 16:00:00,"317,65"
26.10.2020 16:00:00,"311,8"
27.10.2020 16:00:00,"310,77"
28.10.2020 16:00:00,"300,07"
29.10.2020 16:00:00,"303,23"
30.10.2020 16:00:00,"299,82"
02.11.2020 16:00:00,"303,31"
03.11.2020 16:00:00,"308,66"
04.11.2020 16:00:00,"315,61"
05.11.2020 16:00:00,"321,79"
06.11.2020 16:00:00,"321,75"
09.11.2020 16:00:00,"325,76"
10.11.2020 16:00:00,"325,34"
11.11.2020 16:00:00,"327,63"
12.11.2020 16:00:00,"324,6"
13.11.2020 16:00:00,"329,01"
16.11.2020 16:00:00,333
17.11.2020 16:00:00,"331,34"
18.11.2020 16:00:00,"327,32"
19.11.2020 16:00:00,"328,69"
20.11.2020 16:00:00,"326,49"
23.11.2020 16:00:00,"328,42"
24.11.2020 16:00:00,"333,74"
25.11.2020 16:00:00,"333,19"
27.11.2020 13:00:00,"334,14"
30.11.2020 16:00:00,"332,64"
01.12.2020 16:00:00,"336,3"
02.12.2020 16:00:00,"337,01"
03.12.2020 16:00:00,"336,91"
04.12.2020 16:00:00,"339,81"
07.12.2020 16:00:00,"339,18"
08.12.2020 16:00:00,"340,16"
09.12.2020 16:00:00,"337,14"
10.12.2020 16:00:00,"336,98"
11.12.2020 16:00:00,"336,55"
14.12.2020 16:00:00,"335,01"
15.12.2020 16:00:00,"339,64"
16.12.2020 16:00:00,"340,16"
17.12.2020 16:00:00,"342,01"
18.12.2020 16:00:00,"340,64"
21.12.2020 16:00:00,"339,59"
22.12.2020 16:00:00,"337,54"
23.12.2020 16:00:00,"337,81"
24.12.2020 13:00:00,"339,16"
28.12.2020 16:00:00,"342,11"
29.12.2020 16:00:00,"341,39"
30.12.2020 16:00:00,"341,85"
31.12.2020 16:00:00,"343,69"
04.01.2021 16:00:00,"339,03"
05.01.2021 16:00:00,"341,26"
06.01.2021 16:00:00,"343,33"
07.01.2021 16:00:00,"348,46"
08.01.2021 16:00:00,"350,42"
11.01.2021 16:00:00,"348,13"
12.01.2021 16:00:00,"348,16"
13.01.2021 16:00:00,"349,03"
14.01.2021 16:00:00,"347,85"
15.01.2021 16:00:00,"345,37"
19.01.2021 16:00:00,"348,1"
20.01.2021 16:00:00,"352,83"
21.01.2021 16:00:00,"353,16"
22.01.2021 16:00:00,"351,9"
25.01.2021 16:00:00,"353,33"
26.01.2021 16:00:00,"352,8"
27.01.2021 16:00:00,"344,24"
28.01.2021 16:00:00,"347,13"
29.01.2021 16:00:00,"340,18"
01.02.2021 16:00:00,"345,77"
02.02.2021 16:00:00,"350,74"
03.02.2021 16:00:00,"351,09"
04.02.2021 16:00:00,"355,02"
05.02.2021 16:00:00,"356,44"
08.02.2021 16:00:00,"359,07"
09.02.2021 16:00:00,"358,78"
10.02.2021 16:00:00,"358,64"
11.02.2021 16:00:00,"359,22"
12.02.2021 16:00:00,"361,05"
16.02.2021 16:00:00,"360,71"
17.02.2021 16:00:00,"360,79"
18.02.2021 16:00:00,"359,25"
19.02.2021 16:00:00,"358,59"
22.02.2021 16:00:00,"355,77"
23.02.2021 16:00:00,"356,22"
24.02.2021 16:00:00,"360,16"
25.02.2021 16:00:00,"351,52"
26.02.2021 16:00:00,"349,59"
01.03.2021 16:00:00,"358,12"
02.03.2021 16:00:00,"355,35"
03.03.2021 16:00:00,"350,66"
04.03.2021 16:00:00,"346,34"
05.03.2021 16:00:00,"352,69"
08.03.2021 16:00:00,"350,96"
09.03.2021 16:00:00,"355,87"
10.03.2021 16:00:00,"358,07"
11.03.2021 16:00:00,"361,85"
12.03.2021 16:00:00,"362,36"
15.03.2021 16:00:00,"364,46"
16.03.2021 16:00:00,"364,05"
17.03.2021 16:00:00,"365,24"
18.03.2021 16:00:00,"359,87"
19.03.2021 16:00:00,"359,23"
22.03.2021 16:00:00,"362,07"
23.03.2021 16:00:00,"359,41"
24.03.2021 16:00:00,"357,42"
25.03.2021 16:00:00,"359,43"
26.03.2021 16:00:00,"364,01"
29.03.2021 16:00:00,"363,79"
30.03.2021 16:00:00,"362,86"
31.03.2021 16:00:00,"364,3"
01.04.2021 16:00:00,"368,16"
05.04.2021 16:00:00,"373,47"
06.04.2021 16:00:00,"373,26"
07.04.2021 16:00:00,"373,73"
08.04.2021 16:00:00,"375,55"
09.04.2021 16:00:00,"378,25"
12.04.2021 16:00:00,"378,42"
13.04.2021 16:00:00,"379,45"
14.04.2021 16:00:00,"378,23"
15.04.2021 16:00:00,"382,29"
16.04.2021 16:00:00,"383,63"
19.04.2021 16:00:00,"381,74"
20.04.2021 16:00:00,"378,94"
21.04.2021 16:00:00,"382,5"
22.04.2021 16:00:00,"378,99"
23.04.2021 16:00:00,"383,03"
26.04.2021 16:00:00,"383,86"
27.04.2021 16:00:00,"383,74"
28.04.2021 16:00:00,"383,56"
29.04.2021 16:00:00,"386,12"
30.04.2021 16:00:00,"383,57"
03.05.2021 16:00:00,"384,44"
04.05.2021 16:00:00,"382,1"
05.05.2021 16:00:00,"382,17"
06.05.2021 16:00:00,"385,28"
07.05.2021 16:00:00,"388,03"
10.05.2021 16:00:00,"384,23"
11.05.2021 16:00:00,"380,86"
12.05.2021 16:00:00,"372,73"
13.05.2021 16:00:00,"377,16"
14.05.2021 16:00:00,"382,95"
17.05.2021 16:00:00,"382,03"
18.05.2021 16:00:00,"378,73"
19.05.2021 16:00:00,"377,73"
20.05.2021 16:00:00,"381,76"
21.05.2021 16:00:00,"381,47"
24.05.2021 16:00:00,"385,32"
25.05.2021 16:00:00,"384,51"
26.05.2021 16:00:00,"385,21"
27.05.2021 16:00:00,"385,38"
28.05.2021 16:00:00,"386,13"
01.06.2021 16:00:00,"385,83"
02.06.2021 16:00:00,"386,48"
03.06.2021 16:00:00,"385,01"
04.06.2021 16:00:00,"388,5"
07.06.2021 16:00:00,"388,17"
08.06.2021 16:00:00,"388,23"
09.06.2021 16:00:00,"387,62"
10.06.2021 16:00:00,"389,41"
11.06.2021 16:00:00,"390,09"
14.06.2021 16:00:00,"391,07"
15.06.2021 16:00:00,"390,25"
16.06.2021 16:00:00,"388,11"
17.06.2021 16:00:00,"387,97"
18.06.2021 16:00:00,"382,82"
21.06.2021 16:00:00,"388,18"
22.06.2021 16:00:00,"390,24"
23.06.2021 16:00:00,"389,82"
24.06.2021 16:00:00,"392,05"
25.06.2021 16:00:00,"393,5"
28.06.2021 16:00:00,"394,32"
29.06.2021 16:00:00,"393,16"
30.06.2021 16:00:00,"393,52"
01.07.2021 16:00:00,"395,74"
02.07.2021 16:00:00,"398,75"
06.07.2021 16:00:00,398
07.07.2021 16:00:00,"399,37"
08.07.2021 16:00:00,"396,19"
09.07.2021 16:00:00,"400,37"
12.07.2021 16:00:00,"401,82"
13.07.2021 16:00:00,"400,46"
14.07.2021 16:00:00,"401,01"
15.07.2021 16:00:00,"399,72"
16.07.2021 16:00:00,"396,61"
19.07.2021 16:00:00,"390,68"
20.07.2021 16:00:00,"396,2"
21.07.2021 16:00:00,"399,53"
22.07.2021 16:00:00,"400,38"
23.07.2021 16:00:00,"404,38"
26.07.2021 16:00:00,"405,41"
27.07.2021 16:00:00,"403,61"
28.07.2021 16:00:00,"403,39"
29.07.2021 16:00:00,"405,13"
30.07.2021 16:00:00,"403,15"
02.08.2021 16:00:00,"402,33"
03.08.2021 16:00:00,"405,58"
04.08.2021 16:00:00,"403,64"
05.08.2021 16:00:00,"406,16"
06.08.2021 16:00:00,"406,86"
09.08.2021 16:00:00,"406,47"
10.08.2021 16:00:00,"406,98"
11.08.2021 16:00:00,"407,96"
12.08.2021 16:00:00,"409,15"
13.08.2021 16:00:00,"409,96"
16.08.2021 16:00:00,"410,94"
17.08.2021 16:00:00,"408,23"
18.08.2021 16:00:00,"403,84"
19.08.2021 16:00:00,"404,41"
20.08.2021 16:00:00,"407,61"
23.08.2021 16:00:00,"411,22"
24.08.2021 16:00:00,"411,87"
25.08.2021 16:00:00,"412,63"
26.08.2021 16:00:00,"410,22"
27.08.2021 16:00:00,"413,86"
30.08.2021 16:00:00,"415,76"
31.08.2021 16:00:00,"415,05"
01.09.2021 16:00:00,"415,49"
02.09.2021 16:00:00,"416,73"
03.09.2021 16:00:00,"416,57"
07.09.2021 16:00:00,"415,03"
08.09.2021 16:00:00,"414,63"
09.09.2021 16:00:00,"412,77"
10.09.2021 16:00:00,"409,58"
13.09.2021 16:00:00,"410,54"
14.09.2021 16:00:00,"408,41"
15.09.2021 16:00:00,"411,82"
16.09.2021 16:00:00,"411,11"
17.09.2021 16:00:00,"407,08"
20.09.2021 16:00:00,"400,43"
21.09.2021 16:00:00,"400,04"
22.09.2021 16:00:00,"403,9"
23.09.2021 16:00:00,"408,78"
24.09.2021 16:00:00,"409,46"
27.09.2021 16:00:00,"408,3"
28.09.2021 16:00:00,"400,14"
29.09.2021 16:00:00,"399,46"
30.09.2021 16:00:00,"394,4"
01.10.2021 16:00:00,"399,12"
04.10.2021 16:00:00,"394,21"
05.10.2021 16:00:00,"398,04"
06.10.2021 16:00:00,"399,81"
07.10.2021 16:00:00,"403,25"
08.10.2021 16:00:00,"402,49"
11.10.2021 16:00:00,"399,56"
12.10.2021 16:00:00,"398,76"
13.10.2021 16:00:00,"400,04"
14.10.2021 16:00:00,"406,76"
15.10.2021 16:00:00,"409,93"
18.10.2021 16:00:00,"411,18"
19.10.2021 16:00:00,"414,38"
20.10.2021 16:00:00,"415,99"
21.10.2021 16:00:00,"417,01"
22.10.2021 16:00:00,"416,59"
25.10.2021 16:00:00,"418,75"
26.10.2021 16:00:00,"419,15"
27.10.2021 16:00:00,"417,33"
28.10.2021 16:00:00,"421,41"
29.10.2021 16:00:00,"422,16"
01.11.2021 16:00:00,"423,05"
02.11.2021 16:00:00,"424,69"
03.11.2021 16:00:00,"427,25"
04.11.2021 16:00:00,"429,25"
05.11.2021 16:00:00,"430,71"
08.11.2021 16:00:00,"431,23"
09.11.2021 16:00:00,"429,72"
10.11.2021 16:00:00,"426,26"
11.11.2021 16:00:00,"426,4"
12.11.2021 16:00:00,"429,57"
15.11.2021 16:00:00,"429,77"
16.11.2021 16:00:00,"431,41"
17.11.2021 16:00:00,"430,37"
18.11.2021 16:00:00,"431,86"
19.11.2021 16:00:00,"431,05"
22.11.2021 16:00:00,"429,91"
23.11.2021 16:00:00,"430,47"
24.11.2021 16:00:00,"431,53"
26.11.2021 13:15:00,"422,14"
29.11.2021 16:00:00,"427,24"
30.11.2021 16:00:00,"419,06"
01.12.2021 16:00:00,"414,24"
02.12.2021 16:00:00,"420,56"
03.12.2021 16:00:00,"416,84"
06.12.2021 16:00:00,"421,82"
07.12.2021 16:00:00,"430,49"
08.12.2021 16:00:00,"431,7"
09.12.2021 16:00:00,"428,76"
10.12.2021 16:00:00,"432,85"
13.12.2021 16:00:00,"429,01"
14.12.2021 16:00:00,"426,09"
15.12.2021 16:00:00,"432,75"
16.12.2021 16:00:00,"428,84"
17.12.2021 16:00:00,"424,39"
20.12.2021 16:00:00,"419,8"
21.12.2021 16:00:00,"425,69"
22.12.2021 16:00:00,"429,99"
23.12.2021 16:00:00,"432,64"
27.12.2021 16:00:00,"438,81"
28.12.2021 16:00:00,"438,48"
29.12.2021 16:00:00,"439,01"
30.12.2021 16:00:00,"437,77"
31.12.2021 16:00:00,"436,57"
03.01.2022 16:00:00,"439,25"
04.01.2022 16:00:00,"439,07"
05.01.2022 16:00:00,"430,66"
06.01.2022 16:00:00,"430,08"
07.01.2022 16:00:00,"428,59"
10.01.2022 16:00:00,"428,03"
11.01.2022 16:00:00,"431,78"
12.01.2022 16:00:00,"433,07"
13.01.2022 16:00:00,"427,1"
14.01.2022 16:00:00,"427,23"
18.01.2022 16:00:00,"419,74"
19.01.2022 16:00:00,"415,33"
20.01.2022 16:00:00,"410,76"
21.01.2022 16:00:00,"402,69"
24.01.2022 16:00:00,"404,37"
25.01.2022 16:00:00,"399,46"
26.01.2022 16:00:00,"398,56"
27.01.2022 16:00:00,"396,54"
28.01.2022 16:00:00,"406,26"
31.01.2022 16:00:00,"413,69"
01.02.2022 16:00:00,"416,39"
02.02.2022 16:00:00,"420,36"
03.02.2022 16:00:00,"410,59"
04.02.2022 16:00:00,"412,52"
07.02.2022 16:00:00,"411,16"
08.02.2022 16:00:00,"414,49"
09.02.2022 16:00:00,"420,57"
10.02.2022 16:00:00,"413,18"
11.02.2022 16:00:00,"404,94"
14.02.2022 16:00:00,"403,62"
15.02.2022 16:00:00,"410,1"
16.02.2022 16:00:00,"410,59"
17.02.2022 16:00:00,"401,86"
18.02.2022 16:00:00,"399,29"
22.02.2022 16:00:00,"394,92"
23.02.2022 16:00:00,"387,81"
24.02.2022 16:00:00,"393,77"
25.02.2022 16:00:00,"402,37"
28.02.2022 16:00:00,"401,36"
01.03.2022 16:00:00,"395,34"
02.03.2022 16:00:00,"402,6"
03.03.2022 16:00:00,"400,58"
04.03.2022 16:00:00,"397,34"
07.03.2022 16:00:00,"385,61"
08.03.2022 16:00:00,"382,7"
09.03.2022 16:00:00,"392,9"
10.03.2022 16:00:00,"391,15"
11.03.2022 16:00:00,"386,16"
14.03.2022 16:00:00,"383,34"
15.03.2022 16:00:00,"391,75"
16.03.2022 16:00:00,"400,51"
17.03.2022 16:00:00,"405,41"
18.03.2022 16:00:00,"409,89"
21.03.2022 16:00:00,"409,91"
22.03.2022 16:00:00,"414,67"
23.03.2022 16:00:00,"409,33"
24.03.2022 16:00:00,"414,02"
25.03.2022 16:00:00,"416,12"
28.03.2022 16:00:00,"418,99"
29.03.2022 16:00:00,"424,29"
30.03.2022 16:00:00,"421,65"
31.03.2022 16:00:00,"415,17"
01.04.2022 16:00:00,"416,32"
04.04.2022 16:00:00,"419,85"
05.04.2022 16:00:00,"414,66"
06.04.2022 16:00:00,"410,46"
07.04.2022 16:00:00,"412,53"
08.04.2022 16:00:00,"411,53"
11.04.2022 16:00:00,"404,4"
12.04.2022 16:00:00,"402,92"
13.04.2022 16:00:00,"407,47"
14.04.2022 16:00:00,"402,52"
18.04.2022 16:00:00,"402,59"
19.04.2022 16:00:00,"409,02"
20.04.2022 16:00:00,"408,71"
21.04.2022 16:00:00,"402,65"
22.04.2022 16:00:00,"391,66"
25.04.2022 16:00:00,"393,8"
26.04.2022 16:00:00,"382,54"
27.04.2022 16:00:00,"383,53"
28.04.2022 16:00:00,"393,14"
29.04.2022 16:00:00,"378,7"
02.05.2022 16:00:00,"381,08"
03.05.2022 16:00:00,"382,73"
04.05.2022 16:00:00,"394,34"
05.05.2022 16:00:00,"380,49"
06.05.2022 16:00:00,"378,1"
09.05.2022 16:00:00,"365,9"
10.05.2022 16:00:00,"366,84"
11.05.2022 16:00:00,"360,93"
12.05.2022 16:00:00,"360,65"
13.05.2022 16:00:00,"369,16"
16.05.2022 16:00:00,"367,84"
17.05.2022 16:00:00,"375,2"
18.05.2022 16:00:00,"360,34"
19.05.2022 16:00:00,"357,93"
20.05.2022 16:00:00,"358,02"
23.05.2022 16:00:00,"364,81"
24.05.2022 16:00:00,"362,18"
25.05.2022 16:00:00,"365,2"
26.05.2022 16:00:00,"372,46"
27.05.2022 16:00:00,"381,8"
31.05.2022 16:00:00,"379,68"
01.06.2022 16:00:00,"376,5"
02.06.2022 16:00:00,"383,65"
03.06.2022 16:00:00,"377,44"
06.06.2022 16:00:00,"378,47"
07.06.2022 16:00:00,"382,17"
08.06.2022 16:00:00,"377,99"
09.06.2022 16:00:00,"369,1"
10.06.2022 16:00:00,"358,27"
13.06.2022 16:00:00,"344,46"
14.06.2022 16:00:00,"343,6"
15.06.2022 16:00:00,"348,52"
16.06.2022 16:00:00,"337,07"
17.06.2022 16:00:00,"337,95"
21.06.2022 16:00:00,"346,23"
22.06.2022 16:00:00,"345,5"
23.06.2022 16:00:00,"349,13"
24.06.2022 16:00:00,360
27.06.2022 16:00:00,"358,65"
28.06.2022 16:00:00,"350,9"
29.06.2022 16:00:00,"349,64"
30.06.2022 16:00:00,"346,88"
01.07.2022 16:00:00,"350,44"
05.07.2022 16:00:00,"351,06"
06.07.2022 16:00:00,"352,33"
07.07.2022 16:00:00,"357,5"
08.07.2022 16:00:00,"357,29"
11.07.2022 16:00:00,"353,25"
12.07.2022 16:00:00,"349,99"
13.07.2022 16:00:00,"348,36"
14.07.2022 16:00:00,"347,44"
15.07.2022 16:00:00,"354,01"
18.07.2022 16:00:00,"351,08"
19.07.2022 16:00:00,"360,61"
20.07.2022 16:00:00,"362,92"
21.07.2022 16:00:00,"366,59"
22.07.2022 16:00:00,"363,25"
25.07.2022 16:00:00,"363,61"
26.07.2022 16:00:00,"359,25"
27.07.2022 16:00:00,"368,66"
28.07.2022 16:00:00,"373,32"
29.07.2022 16:00:00,"378,79"
01.08.2022 16:00:00,"377,65"
02.08.2022 16:00:00,"375,21"
03.08.2022 16:00:00,"381,07"
04.08.2022 16:00:00,"380,77"
05.08.2022 16:00:00,"379,98"
08.08.2022 16:00:00,"379,64"
09.08.2022 16:00:00,"378,14"
10.08.2022 16:00:00,"386,06"
11.08.2022 16:00:00,"386,06"
12.08.2022 16:00:00,"392,67"
15.08.2022 16:00:00,"394,35"
16.08.2022 16:00:00,"395,04"
17.08.2022 16:00:00,"392,34"
18.08.2022 16:00:00,"393,55"
19.08.2022 16:00:00,"388,12"
22.08.2022 16:00:00,"379,94"
23.08.2022 16:00:00,"379,04"
24.08.2022 16:00:00,"380,19"
25.08.2022 16:00:00,"385,73"
26.08.2022 16:00:00,"372,51"
29.08.2022 16:00:00,"370,05"
30.08.2022 16:00:00,"366,03"
31.08.2022 16:00:00,"363,15"
01.09.2022 16:00:00,"364,27"
02.09.2022 16:00:00,"360,45"
06.09.2022 16:00:00,"359,24"
07.09.2022 16:00:00,"365,68"
08.09.2022 16:00:00,"368,07"
09.09.2022 16:00:00,"373,75"
12.09.2022 16:00:00,"377,86"
13.09.2022 16:00:00,"361,38"
14.09.2022 16:00:00,"362,73"
15.09.2022 16:00:00,"358,68"
16.09.2022 16:00:00,"355,86"
19.09.2022 16:00:00,"358,59"
20.09.2022 16:00:00,"354,55"
21.09.2022 16:00:00,"348,31"
22.09.2022 16:00:00,"345,37"
23.09.2022 16:00:00,"339,63"
26.09.2022 16:00:00,"336,34"
27.09.2022 16:00:00,"335,39"
28.09.2022 16:00:00,"340,48"
29.09.2022 16:00:00,"333,38"
30.09.2022 16:00:00,"328,3"
03.10.2022 16:00:00,"336,98"
04.10.2022 16:00:00,"347,21"
05.10.2022 16:00:00,"346,61"
06.10.2022 16:00:00,"342,96"
07.10.2022 16:00:00,"333,33"
10.10.2022 16:00:00,"330,84"
11.10.2022 16:00:00,"328,66"
12.10.2022 16:00:00,"327,64"
13.10.2022 16:00:00,"336,22"
14.10.2022 16:00:00,"328,65"
17.10.2022 16:00:00,337
18.10.2022 16:00:00,"340,97"
19.10.2022 16:00:00,"338,61"
20.10.2022 16:00:00,"335,83"
21.10.2022 16:00:00,"343,9"
24.10.2022 16:00:00,"348,09"
25.10.2022 16:00:00,"353,75"
26.10.2022 16:00:00,"351,11"
27.10.2022 16:00:00,"349,23"
28.10.2022 16:00:00,"357,38"
31.10.2022 16:00:00,"354,95"
01.11.2022 16:00:00,"353,52"
02.11.2022 16:00:00,"344,5"
03.11.2022 16:00:00,"340,83"
04.11.2022 16:00:00,"345,82"